band.name,band.genre,band.numberOfParticipants,band.singlesCount,band.description,band.albumsCount,coord.x,coord.y,album.name,album.sales,front.name,front.eyeColor,front.hairColor,front.country,front.weight,front.birthday,loc.x,loc.y,loc.name
UniqueBand_1,POST_PUNK,10,10,Unique description for band 1,7,10.1,155,UniqueAlbum_1,3158,UniqueFront_1,WHITE,ORANGE,FRANCE,86,1970-09-01,647,20.1,UniqueLoc_1
UniqueBand_2,ROCK,2,11,Unique description for band 2,4,10.2,161,UniqueAlbum_2,7162,UniqueFront_2,WHITE,ORANGE,UNITED_KINGDOM,83,1995-05-23,352,20.2,UniqueLoc_2
UniqueBand_3,PSYCHEDELIC_CLOUD_RAP,4,6,Unique description for band 3,1,10.3,363,UniqueAlbum_3,2048,UniqueFront_3,ORANGE,WHITE,SOUTH_KOREA,61,1973-01-12,309,20.3,UniqueLoc_3
UniqueBand_4,POP,6,15,Unique description for band 4,15,10.4,445,UniqueAlbum_4,6332,UniqueFront_4,ORANGE,WHITE,SOUTH_KOREA,66,1982-07-06,684,20.4,UniqueLoc_4
UniqueBand_5,PSYCHEDELIC_CLOUD_RAP,5,6,Unique description for band 5,4,10.5,334,UniqueAlbum_5,5310,UniqueFront_5,WHITE,WHITE,SOUTH_KOREA,83,1977-04-28,216,20.5,UniqueLoc_5
UniqueBand_6,BLUES,6,14,Unique description for band 6,11,10.6,343,UniqueAlbum_6,9980,UniqueFront_6,ORANGE,ORANGE,NORTH_KOREA,67,1994-02-16,416,20.6,UniqueLoc_6
UniqueBand_7,PSYCHEDELIC_CLOUD_RAP,8,13,Unique description for band 7,8,10.7,180,UniqueAlbum_7,4115,UniqueFront_7,WHITE,WHITE,UNITED_KINGDOM,69,1993-01-19,785,20.7,UniqueLoc_7
UniqueBand_8,POST_PUNK,3,13,Unique description for band 8,12,10.8,418,UniqueAlbum_8,3352,UniqueFront_8,GREEN,GREEN,FRANCE,84,1985-10-23,608,20.8,UniqueLoc_8
UniqueBand_9,ROCK,5,6,Unique description for band 9,13,10.9,431,UniqueAlbum_9,7731,UniqueFront_9,GREEN,GREEN,FRANCE,88,1985-10-17,884,20.9,UniqueLoc_9
UniqueBand_10,POP,3,3,Unique description for band 10,11,11.0,350,UniqueAlbum_10,5422,UniqueFront_10,GREEN,ORANGE,FRANCE,86,1993-09-12,752,21.0,UniqueLoc_10
UniqueBand_11,POST_PUNK,3,16,Unique description for band 11,1,11.1,112,UniqueAlbum_11,9192,UniqueFront_11,GREEN,WHITE,FRANCE,72,1979-01-29,998,21.1,UniqueLoc_11
UniqueBand_12,PSYCHEDELIC_CLOUD_RAP,4,18,Unique description for band 12,13,11.2,314,UniqueAlbum_12,3635,UniqueFront_12,ORANGE,GREEN,SOUTH_KOREA,82,1995-12-05,833,21.2,UniqueLoc_12
UniqueBand_13,ROCK,6,7,Unique description for band 13,12,11.3,347,UniqueAlbum_13,3364,UniqueFront_13,WHITE,GREEN,UNITED_KINGDOM,79,1974-12-12,664,21.3,UniqueLoc_13
UniqueBand_14,ROCK,5,10,Unique description for band 14,5,11.4,296,UniqueAlbum_14,9694,UniqueFront_14,WHITE,ORANGE,FRANCE,62,1982-07-12,331,21.4,UniqueLoc_14
UniqueBand_15,POST_PUNK,10,20,Unique description for band 15,13,11.5,332,UniqueAlbum_15,7566,UniqueFront_15,GREEN,WHITE,NORTH_KOREA,88,1972-07-11,168,21.5,UniqueLoc_15
UniqueBand_16,BLUES,2,13,Unique description for band 16,3,11.6,362,UniqueAlbum_16,9206,UniqueFront_16,GREEN,GREEN,FRANCE,76,1991-07-19,964,21.6,UniqueLoc_16
UniqueBand_17,PSYCHEDELIC_CLOUD_RAP,3,8,Unique description for band 17,6,11.7,260,UniqueAlbum_17,8820,UniqueFront_17,WHITE,WHITE,SOUTH_KOREA,81,1985-06-09,876,21.7,UniqueLoc_17
UniqueBand_18,BLUES,3,6,Unique description for band 18,1,11.8,140,UniqueAlbum_18,2823,UniqueFront_18,WHITE,GREEN,FRANCE,63,1971-09-03,313,21.8,UniqueLoc_18
UniqueBand_19,POST_PUNK,6,16,Unique description for band 19,13,11.9,442,UniqueAlbum_19,2344,UniqueFront_19,ORANGE,WHITE,SOUTH_KOREA,89,1980-10-16,521,21.9,UniqueLoc_19
UniqueBand_20,PSYCHEDELIC_CLOUD_RAP,4,17,Unique description for band 20,14,12.0,396,UniqueAlbum_20,7097,UniqueFront_20,WHITE,GREEN,FRANCE,76,1996-02-13,466,22.0,UniqueLoc_20
UniqueBand_21,POP,3,18,Unique description for band 21,4,12.1,438,UniqueAlbum_21,1531,UniqueFront_21,GREEN,GREEN,SOUTH_KOREA,69,1978-10-14,984,22.1,UniqueLoc_21
UniqueBand_22,POP,3,7,Unique description for band 22,14,12.2,251,UniqueAlbum_22,4422,UniqueFront_22,ORANGE,WHITE,UNITED_KINGDOM,86,1996-01-08,115,22.2,UniqueLoc_22
UniqueBand_23,POST_PUNK,7,2,Unique description for band 23,5,12.3,266,UniqueAlbum_23,6160,UniqueFront_23,ORANGE,GREEN,FRANCE,72,1978-03-29,543,22.3,UniqueLoc_23
UniqueBand_24,BLUES,3,11,Unique description for band 24,10,12.4,401,UniqueAlbum_24,5917,UniqueFront_24,GREEN,ORANGE,SOUTH_KOREA,63,1985-12-18,785,22.4,UniqueLoc_24
UniqueBand_25,BLUES,9,7,Unique description for band 25,14,12.5,196,UniqueAlbum_25,2613,UniqueFront_25,GREEN,WHITE,SOUTH_KOREA,68,1988-08-25,796,22.5,UniqueLoc_25
UniqueBand_26,PSYCHEDELIC_CLOUD_RAP,8,9,Unique description for band 26,14,12.6,338,UniqueAlbum_26,7574,UniqueFront_26,ORANGE,GREEN,SOUTH_KOREA,66,1972-03-13,618,22.6,UniqueLoc_26
UniqueBand_27,ROCK,9,7,Unique description for band 27,2,12.7,176,UniqueAlbum_27,9164,UniqueFront_27,GREEN,ORANGE,NORTH_KOREA,67,1984-06-04,281,22.7,UniqueLoc_27
UniqueBand_28,PSYCHEDELIC_CLOUD_RAP,7,17,Unique description for band 28,13,12.8,248,UniqueAlbum_28,1868,UniqueFront_28,GREEN,WHITE,FRANCE,72,1973-09-16,631,22.8,UniqueLoc_28
UniqueBand_29,BLUES,3,5,Unique description for band 29,1,12.9,228,UniqueAlbum_29,3921,UniqueFront_29,ORANGE,GREEN,UNITED_KINGDOM,89,1991-08-26,803,22.9,UniqueLoc_29
UniqueBand_30,PSYCHEDELIC_CLOUD_RAP,7,18,Unique description for band 30,9,13.0,301,UniqueAlbum_30,2688,UniqueFront_30,ORANGE,WHITE,FRANCE,84,1981-09-11,434,23.0,UniqueLoc_30
UniqueBand_31,PSYCHEDELIC_CLOUD_RAP,5,10,Unique description for band 31,1,13.1,334,UniqueAlbum_31,6081,UniqueFront_31,GREEN,ORANGE,SOUTH_KOREA,86,1997-01-14,249,23.1,UniqueLoc_31
UniqueBand_32,POP,7,12,Unique description for band 32,3,13.2,416,UniqueAlbum_32,2470,UniqueFront_32,GREEN,GREEN,FRANCE,68,1970-06-27,178,23.2,UniqueLoc_32
UniqueBand_33,ROCK,4,6,Unique description for band 33,14,13.3,422,UniqueAlbum_33,6460,UniqueFront_33,GREEN,WHITE,SOUTH_KOREA,78,1988-05-08,439,23.3,UniqueLoc_33
UniqueBand_34,PSYCHEDELIC_CLOUD_RAP,6,4,Unique description for band 34,14,13.4,221,UniqueAlbum_34,5758,UniqueFront_34,GREEN,WHITE,UNITED_KINGDOM,84,1990-02-15,770,23.4,UniqueLoc_34
UniqueBand_35,POP,2,18,Unique description for band 35,10,13.5,168,UniqueAlbum_35,9133,UniqueFront_35,ORANGE,GREEN,SOUTH_KOREA,84,1984-08-06,357,23.5,UniqueLoc_35
UniqueBand_36,ROCK,6,7,Unique description for band 36,10,13.6,443,UniqueAlbum_36,9583,UniqueFront_36,WHITE,WHITE,NORTH_KOREA,67,1973-10-20,651,23.6,UniqueLoc_36
UniqueBand_37,ROCK,2,5,Unique description for band 37,7,13.7,299,UniqueAlbum_37,2942,UniqueFront_37,WHITE,WHITE,UNITED_KINGDOM,74,1990-08-27,743,23.7,UniqueLoc_37
UniqueBand_38,ROCK,8,7,Unique description for band 38,12,13.8,363,UniqueAlbum_38,1171,UniqueFront_38,GREEN,ORANGE,NORTH_KOREA,65,1976-04-21,544,23.8,UniqueLoc_38
UniqueBand_39,PSYCHEDELIC_CLOUD_RAP,7,10,Unique description for band 39,8,13.9,295,UniqueAlbum_39,2789,UniqueFront_39,ORANGE,GREEN,SOUTH_KOREA,78,1986-05-18,940,23.9,UniqueLoc_39
UniqueBand_40,ROCK,10,5,Unique description for band 40,2,14.0,435,UniqueAlbum_40,2663,UniqueFront_40,GREEN,ORANGE,NORTH_KOREA,73,1996-06-12,241,24.0,UniqueLoc_40
UniqueBand_41,POST_PUNK,10,8,Unique description for band 41,10,14.1,365,UniqueAlbum_41,8722,UniqueFront_41,WHITE,ORANGE,NORTH_KOREA,68,1976-04-08,933,24.1,UniqueLoc_41
UniqueBand_42,POST_PUNK,10,20,Unique description for band 42,5,14.2,310,UniqueAlbum_42,7016,UniqueFront_42,WHITE,ORANGE,SOUTH_KOREA,76,1996-10-02,375,24.2,UniqueLoc_42
UniqueBand_43,ROCK,6,2,Unique description for band 43,4,14.3,344,UniqueAlbum_43,7356,UniqueFront_43,GREEN,GREEN,UNITED_KINGDOM,83,1992-10-10,165,24.3,UniqueLoc_43
UniqueBand_44,ROCK,7,8,Unique description for band 44,13,14.4,232,UniqueAlbum_44,8755,UniqueFront_44,ORANGE,GREEN,NORTH_KOREA,90,1974-12-29,658,24.4,UniqueLoc_44
UniqueBand_45,POP,7,16,Unique description for band 45,2,14.5,241,UniqueAlbum_45,4307,UniqueFront_45,GREEN,GREEN,NORTH_KOREA,63,1987-02-28,189,24.5,UniqueLoc_45
UniqueBand_46,ROCK,6,1,Unique description for band 46,6,14.6,197,UniqueAlbum_46,1323,UniqueFront_46,ORANGE,ORANGE,UNITED_KINGDOM,70,1974-05-10,670,24.6,UniqueLoc_46
UniqueBand_47,BLUES,3,9,Unique description for band 47,6,14.7,221,UniqueAlbum_47,4129,UniqueFront_47,GREEN,GREEN,NORTH_KOREA,69,1984-02-24,449,24.7,UniqueLoc_47
UniqueBand_48,POST_PUNK,3,9,Unique description for band 48,6,14.8,247,UniqueAlbum_48,6552,UniqueFront_48,ORANGE,GREEN,UNITED_KINGDOM,90,1986-07-10,679,24.8,UniqueLoc_48
UniqueBand_49,ROCK,9,16,Unique description for band 49,4,14.9,121,UniqueAlbum_49,1301,UniqueFront_49,WHITE,ORANGE,SOUTH_KOREA,81,1992-09-23,495,24.9,UniqueLoc_49
UniqueBand_50,POST_PUNK,10,20,Unique description for band 50,1,15.0,143,UniqueAlbum_50,5832,UniqueFront_50,WHITE,WHITE,NORTH_KOREA,85,1975-11-18,579,25.0,UniqueLoc_50
UniqueBand_51,POP,9,14,Unique description for band 51,10,15.1,392,UniqueAlbum_51,8158,UniqueFront_51,WHITE,WHITE,NORTH_KOREA,64,1972-03-14,115,25.1,UniqueLoc_51
UniqueBand_52,POP,10,4,Unique description for band 52,3,15.2,312,UniqueAlbum_52,9084,UniqueFront_52,GREEN,ORANGE,SOUTH_KOREA,90,1995-12-15,757,25.2,UniqueLoc_52
UniqueBand_53,PSYCHEDELIC_CLOUD_RAP,10,7,Unique description for band 53,2,15.3,318,UniqueAlbum_53,2638,UniqueFront_53,GREEN,WHITE,FRANCE,79,1988-11-12,549,25.3,UniqueLoc_53
UniqueBand_54,ROCK,10,15,Unique description for band 54,13,15.4,165,UniqueAlbum_54,8463,UniqueFront_54,WHITE,WHITE,NORTH_KOREA,80,1991-11-15,177,25.4,UniqueLoc_54
UniqueBand_55,POP,6,11,Unique description for band 55,7,15.5,163,UniqueAlbum_55,4535,UniqueFront_55,ORANGE,WHITE,FRANCE,87,1975-11-20,676,25.5,UniqueLoc_55
UniqueBand_56,POST_PUNK,9,16,Unique description for band 56,1,15.6,366,UniqueAlbum_56,6976,UniqueFront_56,WHITE,WHITE,UNITED_KINGDOM,62,1974-06-29,872,25.6,UniqueLoc_56
UniqueBand_57,PSYCHEDELIC_CLOUD_RAP,4,20,Unique description for band 57,14,15.7,337,UniqueAlbum_57,4309,UniqueFront_57,WHITE,ORANGE,FRANCE,65,1978-04-13,106,25.7,UniqueLoc_57
UniqueBand_58,POP,10,7,Unique description for band 58,3,15.8,244,UniqueAlbum_58,4085,UniqueFront_58,WHITE,ORANGE,NORTH_KOREA,88,1975-10-29,957,25.8,UniqueLoc_58
UniqueBand_59,POP,7,15,Unique description for band 59,9,15.9,274,UniqueAlbum_59,1163,UniqueFront_59,ORANGE,WHITE,NORTH_KOREA,67,1980-09-11,617,25.9,UniqueLoc_59
UniqueBand_60,BLUES,3,16,Unique description for band 60,14,16.0,398,UniqueAlbum_60,9371,UniqueFront_60,ORANGE,GREEN,NORTH_KOREA,84,1996-10-16,885,26.0,UniqueLoc_60
UniqueBand_61,BLUES,3,13,Unique description for band 61,1,16.1,329,UniqueAlbum_61,3935,UniqueFront_61,WHITE,WHITE,SOUTH_KOREA,79,1985-06-08,596,26.1,UniqueLoc_61
UniqueBand_62,POP,3,5,Unique description for band 62,2,16.2,232,UniqueAlbum_62,4607,UniqueFront_62,WHITE,GREEN,NORTH_KOREA,62,1979-02-12,836,26.2,UniqueLoc_62
UniqueBand_63,POP,9,15,Unique description for band 63,8,16.3,347,UniqueAlbum_63,2975,UniqueFront_63,WHITE,GREEN,NORTH_KOREA,69,1974-02-09,529,26.3,UniqueLoc_63
UniqueBand_64,PSYCHEDELIC_CLOUD_RAP,7,15,Unique description for band 64,1,16.4,445,UniqueAlbum_64,4768,UniqueFront_64,WHITE,ORANGE,SOUTH_KOREA,85,1982-09-14,477,26.4,UniqueLoc_64
UniqueBand_65,POST_PUNK,6,4,Unique description for band 65,2,16.5,389,UniqueAlbum_65,1746,UniqueFront_65,WHITE,GREEN,SOUTH_KOREA,70,1977-11-12,681,26.5,UniqueLoc_65
UniqueBand_66,POST_PUNK,5,16,Unique description for band 66,12,16.6,397,UniqueAlbum_66,9886,UniqueFront_66,ORANGE,ORANGE,NORTH_KOREA,86,1991-02-25,614,26.6,UniqueLoc_66
UniqueBand_67,BLUES,7,5,Unique description for band 67,13,16.7,351,UniqueAlbum_67,1020,UniqueFront_67,GREEN,ORANGE,UNITED_KINGDOM,88,1979-11-11,382,26.7,UniqueLoc_67
UniqueBand_68,PSYCHEDELIC_CLOUD_RAP,9,1,Unique description for band 68,10,16.8,354,UniqueAlbum_68,2313,UniqueFront_68,GREEN,WHITE,NORTH_KOREA,88,1994-06-13,696,26.8,UniqueLoc_68
UniqueBand_69,BLUES,8,5,Unique description for band 69,14,16.9,176,UniqueAlbum_69,6421,UniqueFront_69,WHITE,WHITE,NORTH_KOREA,75,1970-11-18,306,26.9,UniqueLoc_69
UniqueBand_70,ROCK,8,6,Unique description for band 70,6,17.0,424,UniqueAlbum_70,6828,UniqueFront_70,WHITE,GREEN,NORTH_KOREA,86,1988-07-14,573,27.0,UniqueLoc_70
UniqueBand_71,POST_PUNK,6,18,Unique description for band 71,12,17.1,226,UniqueAlbum_71,6249,UniqueFront_71,WHITE,ORANGE,NORTH_KOREA,88,1972-08-17,453,27.1,UniqueLoc_71
UniqueBand_72,ROCK,10,15,Unique description for band 72,10,17.2,316,UniqueAlbum_72,2518,UniqueFront_72,GREEN,ORANGE,NORTH_KOREA,64,1971-04-30,119,27.2,UniqueLoc_72
UniqueBand_73,POST_PUNK,8,9,Unique description for band 73,12,17.3,126,UniqueAlbum_73,9389,UniqueFront_73,ORANGE,WHITE,UNITED_KINGDOM,90,1982-02-13,901,27.3,UniqueLoc_73
UniqueBand_74,BLUES,4,19,Unique description for band 74,15,17.4,232,UniqueAlbum_74,9036,UniqueFront_74,WHITE,WHITE,NORTH_KOREA,84,1989-03-18,833,27.4,UniqueLoc_74
UniqueBand_75,PSYCHEDELIC_CLOUD_RAP,2,20,Unique description for band 75,13,17.5,344,UniqueAlbum_75,3665,UniqueFront_75,GREEN,GREEN,SOUTH_KOREA,68,1994-06-18,998,27.5,UniqueLoc_75
UniqueBand_76,ROCK,8,17,Unique description for band 76,12,17.6,280,UniqueAlbum_76,4040,UniqueFront_76,WHITE,WHITE,FRANCE,84,1995-07-17,599,27.6,UniqueLoc_76
UniqueBand_77,BLUES,5,14,Unique description for band 77,12,17.7,151,UniqueAlbum_77,5109,UniqueFront_77,WHITE,ORANGE,FRANCE,77,1973-03-07,990,27.7,UniqueLoc_77
UniqueBand_78,POP,2,4,Unique description for band 78,6,17.8,338,UniqueAlbum_78,4342,UniqueFront_78,WHITE,GREEN,UNITED_KINGDOM,82,1981-12-18,165,27.8,UniqueLoc_78
UniqueBand_79,BLUES,5,13,Unique description for band 79,1,17.9,438,UniqueAlbum_79,7443,UniqueFront_79,GREEN,GREEN,SOUTH_KOREA,68,1994-01-24,495,27.9,UniqueLoc_79
UniqueBand_80,POP,3,12,Unique description for band 80,4,18.0,126,UniqueAlbum_80,2193,UniqueFront_80,GREEN,GREEN,FRANCE,88,1996-01-02,398,28.0,UniqueLoc_80
UniqueBand_81,POST_PUNK,3,8,Unique description for band 81,2,18.1,138,UniqueAlbum_81,9265,UniqueFront_81,GREEN,GREEN,UNITED_KINGDOM,73,1983-12-31,968,28.1,UniqueLoc_81
UniqueBand_82,PSYCHEDELIC_CLOUD_RAP,9,16,Unique description for band 82,9,18.2,264,UniqueAlbum_82,3876,UniqueFront_82,GREEN,ORANGE,UNITED_KINGDOM,68,1981-10-13,207,28.2,UniqueLoc_82
UniqueBand_83,BLUES,4,10,Unique description for band 83,13,18.3,232,UniqueAlbum_83,7426,UniqueFront_83,ORANGE,GREEN,FRANCE,86,1982-07-04,370,28.3,UniqueLoc_83
UniqueBand_84,POP,10,2,Unique description for band 84,9,18.4,275,UniqueAlbum_84,9224,UniqueFront_84,WHITE,GREEN,UNITED_KINGDOM,89,1991-01-14,924,28.4,UniqueLoc_84
UniqueBand_85,POP,4,19,Unique description for band 85,13,18.5,242,UniqueAlbum_85,2358,UniqueFront_85,WHITE,ORANGE,UNITED_KINGDOM,71,1970-04-19,605,28.5,UniqueLoc_85
UniqueBand_86,PSYCHEDELIC_CLOUD_RAP,8,1,Unique description for band 86,7,18.6,148,UniqueAlbum_86,4552,UniqueFront_86,GREEN,ORANGE,UNITED_KINGDOM,81,1973-01-17,628,28.6,UniqueLoc_86
UniqueBand_87,ROCK,5,15,Unique description for band 87,13,18.7,101,UniqueAlbum_87,6049,UniqueFront_87,ORANGE,GREEN,NORTH_KOREA,85,1971-11-08,209,28.7,UniqueLoc_87
UniqueBand_88,POST_PUNK,8,5,Unique description for band 88,2,18.8,141,UniqueAlbum_88,4568,UniqueFront_88,ORANGE,GREEN,UNITED_KINGDOM,79,1978-09-19,482,28.8,UniqueLoc_88
UniqueBand_89,ROCK,5,1,Unique description for band 89,15,18.9,367,UniqueAlbum_89,1205,UniqueFront_89,WHITE,GREEN,UNITED_KINGDOM,69,1993-04-26,825,28.9,UniqueLoc_89
UniqueBand_90,POST_PUNK,7,8,Unique description for band 90,1,19.0,157,UniqueAlbum_90,3647,UniqueFront_90,WHITE,ORANGE,NORTH_KOREA,79,1978-06-23,350,29.0,UniqueLoc_90
UniqueBand_91,POST_PUNK,4,5,Unique description for band 91,11,19.1,212,UniqueAlbum_91,4960,UniqueFront_91,GREEN,WHITE,FRANCE,87,1984-03-31,785,29.1,UniqueLoc_91
UniqueBand_92,BLUES,8,5,Unique description for band 92,6,19.2,262,UniqueAlbum_92,4885,UniqueFront_92,ORANGE,ORANGE,NORTH_KOREA,83,1996-12-16,311,29.2,UniqueLoc_92
UniqueBand_93,POP,4,17,Unique description for band 93,5,19.3,398,UniqueAlbum_93,2391,UniqueFront_93,WHITE,ORANGE,UNITED_KINGDOM,86,1973-02-15,427,29.3,UniqueLoc_93
UniqueBand_94,BLUES,8,19,Unique description for band 94,11,19.4,212,UniqueAlbum_94,5392,UniqueFront_94,WHITE,GREEN,SOUTH_KOREA,71,1971-09-03,484,29.4,UniqueLoc_94
UniqueBand_95,BLUES,5,6,Unique description for band 95,11,19.5,270,UniqueAlbum_95,4424,UniqueFront_95,GREEN,GREEN,SOUTH_KOREA,63,1981-02-12,780,29.5,UniqueLoc_95
UniqueBand_96,PSYCHEDELIC_CLOUD_RAP,2,5,Unique description for band 96,2,19.6,183,UniqueAlbum_96,4273,UniqueFront_96,GREEN,WHITE,SOUTH_KOREA,68,1994-05-24,996,29.6,UniqueLoc_96
UniqueBand_97,PSYCHEDELIC_CLOUD_RAP,9,5,Unique description for band 97,15,19.7,346,UniqueAlbum_97,4785,UniqueFront_97,GREEN,GREEN,SOUTH_KOREA,83,1976-09-28,805,29.7,UniqueLoc_97
UniqueBand_98,BLUES,2,13,Unique description for band 98,1,19.8,401,UniqueAlbum_98,3463,UniqueFront_98,WHITE,ORANGE,UNITED_KINGDOM,84,1996-11-11,339,29.8,UniqueLoc_98
UniqueBand_99,ROCK,4,10,Unique description for band 99,10,19.9,439,UniqueAlbum_99,7682,UniqueFront_99,WHITE,ORANGE,NORTH_KOREA,69,1971-06-28,557,29.9,UniqueLoc_99
UniqueBand_100,POST_PUNK,9,1,Unique description for band 100,7,20.0,384,UniqueAlbum_100,1464,UniqueFront_100,ORANGE,GREEN,SOUTH_KOREA,61,1973-02-21,644,30.0,UniqueLoc_100
UniqueBand_101,ROCK,5,2,Unique description for band 101,9,20.1,266,UniqueAlbum_101,9576,UniqueFront_101,WHITE,WHITE,UNITED_KINGDOM,77,1972-08-05,589,30.1,UniqueLoc_101
UniqueBand_102,POP,10,19,Unique description for band 102,13,20.2,408,UniqueAlbum_102,3466,UniqueFront_102,GREEN,ORANGE,UNITED_KINGDOM,73,1973-04-26,273,30.2,UniqueLoc_102
UniqueBand_103,POP,9,16,Unique description for band 103,6,20.3,172,UniqueAlbum_103,1279,UniqueFront_103,GREEN,GREEN,NORTH_KOREA,64,1992-07-28,702,30.3,UniqueLoc_103
UniqueBand_104,PSYCHEDELIC_CLOUD_RAP,6,14,Unique description for band 104,4,20.4,311,UniqueAlbum_104,8203,UniqueFront_104,GREEN,GREEN,UNITED_KINGDOM,85,1992-02-06,528,30.4,UniqueLoc_104
UniqueBand_105,POP,2,20,Unique description for band 105,11,20.5,202,UniqueAlbum_105,4656,UniqueFront_105,WHITE,ORANGE,NORTH_KOREA,65,1983-01-04,778,30.5,UniqueLoc_105
UniqueBand_106,ROCK,6,12,Unique description for band 106,10,20.6,250,UniqueAlbum_106,6389,UniqueFront_106,WHITE,GREEN,UNITED_KINGDOM,74,1992-04-10,220,30.6,UniqueLoc_106
UniqueBand_107,BLUES,9,17,Unique description for band 107,8,20.7,313,UniqueAlbum_107,5453,UniqueFront_107,ORANGE,GREEN,NORTH_KOREA,76,1988-02-06,684,30.7,UniqueLoc_107
UniqueBand_108,POST_PUNK,8,17,Unique description for band 108,14,20.8,107,UniqueAlbum_108,9177,UniqueFront_108,ORANGE,ORANGE,FRANCE,70,1978-07-31,899,30.8,UniqueLoc_108
UniqueBand_109,ROCK,9,12,Unique description for band 109,12,20.9,165,UniqueAlbum_109,3155,UniqueFront_109,GREEN,ORANGE,SOUTH_KOREA,62,1985-07-30,609,30.9,UniqueLoc_109
UniqueBand_110,ROCK,3,17,Unique description for band 110,2,21.0,409,UniqueAlbum_110,5672,UniqueFront_110,GREEN,WHITE,NORTH_KOREA,63,1991-08-06,287,31.0,UniqueLoc_110
UniqueBand_111,POST_PUNK,7,14,Unique description for band 111,14,21.1,382,UniqueAlbum_111,6472,UniqueFront_111,WHITE,GREEN,SOUTH_KOREA,86,1977-11-05,984,31.1,UniqueLoc_111
UniqueBand_112,POP,2,5,Unique description for band 112,7,21.2,314,UniqueAlbum_112,3083,UniqueFront_112,ORANGE,WHITE,FRANCE,83,1995-07-04,516,31.2,UniqueLoc_112
UniqueBand_113,ROCK,5,6,Unique description for band 113,9,21.3,365,UniqueAlbum_113,6661,UniqueFront_113,GREEN,WHITE,FRANCE,81,1994-08-13,888,31.3,UniqueLoc_113
UniqueBand_114,ROCK,8,18,Unique description for band 114,13,21.4,131,UniqueAlbum_114,5059,UniqueFront_114,GREEN,WHITE,FRANCE,81,1995-03-15,312,31.4,UniqueLoc_114
UniqueBand_115,BLUES,5,17,Unique description for band 115,10,21.5,214,UniqueAlbum_115,6781,UniqueFront_115,ORANGE,ORANGE,FRANCE,72,1970-09-03,820,31.5,UniqueLoc_115
UniqueBand_116,PSYCHEDELIC_CLOUD_RAP,3,19,Unique description for band 116,13,21.6,406,UniqueAlbum_116,1156,UniqueFront_116,WHITE,GREEN,FRANCE,81,1975-12-29,686,31.6,UniqueLoc_116
UniqueBand_117,ROCK,9,8,Unique description for band 117,6,21.7,165,UniqueAlbum_117,9376,UniqueFront_117,GREEN,WHITE,FRANCE,64,1984-04-15,764,31.7,UniqueLoc_117
UniqueBand_118,ROCK,8,8,Unique description for band 118,4,21.8,370,UniqueAlbum_118,8122,UniqueFront_118,GREEN,ORANGE,UNITED_KINGDOM,85,1982-07-24,116,31.8,UniqueLoc_118
UniqueBand_119,ROCK,9,11,Unique description for band 119,10,21.9,347,UniqueAlbum_119,5055,UniqueFront_119,WHITE,WHITE,NORTH_KOREA,78,1980-10-17,545,31.9,UniqueLoc_119
UniqueBand_120,ROCK,5,19,Unique description for band 120,9,22.0,272,UniqueAlbum_120,3547,UniqueFront_120,GREEN,GREEN,SOUTH_KOREA,68,1976-05-10,581,32.0,UniqueLoc_120
UniqueBand_121,POST_PUNK,7,19,Unique description for band 121,12,22.1,228,UniqueAlbum_121,8754,UniqueFront_121,GREEN,WHITE,FRANCE,77,1981-02-27,562,32.1,UniqueLoc_121
UniqueBand_122,POST_PUNK,3,18,Unique description for band 122,15,22.2,335,UniqueAlbum_122,3705,UniqueFront_122,ORANGE,GREEN,UNITED_KINGDOM,87,1974-09-18,435,32.2,UniqueLoc_122
UniqueBand_123,POST_PUNK,9,11,Unique description for band 123,4,22.3,278,UniqueAlbum_123,5347,UniqueFront_123,WHITE,ORANGE,NORTH_KOREA,86,1988-07-24,548,32.3,UniqueLoc_123
UniqueBand_124,POST_PUNK,8,4,Unique description for band 124,8,22.4,143,UniqueAlbum_124,7900,UniqueFront_124,WHITE,GREEN,FRANCE,73,1970-08-21,734,32.4,UniqueLoc_124
UniqueBand_125,BLUES,7,14,Unique description for band 125,1,22.5,334,UniqueAlbum_125,1261,UniqueFront_125,ORANGE,GREEN,FRANCE,66,1995-03-01,323,32.5,UniqueLoc_125
UniqueBand_126,ROCK,7,9,Unique description for band 126,7,22.6,183,UniqueAlbum_126,6844,UniqueFront_126,WHITE,GREEN,SOUTH_KOREA,83,1986-08-11,988,32.6,UniqueLoc_126
UniqueBand_127,POP,2,17,Unique description for band 127,4,22.7,256,UniqueAlbum_127,7048,UniqueFront_127,ORANGE,ORANGE,UNITED_KINGDOM,85,1989-12-02,849,32.7,UniqueLoc_127
UniqueBand_128,PSYCHEDELIC_CLOUD_RAP,5,4,Unique description for band 128,5,22.8,190,UniqueAlbum_128,1991,UniqueFront_128,WHITE,WHITE,FRANCE,90,1985-02-10,884,32.8,UniqueLoc_128
UniqueBand_129,BLUES,6,2,Unique description for band 129,12,22.9,302,UniqueAlbum_129,3192,UniqueFront_129,WHITE,ORANGE,NORTH_KOREA,62,1981-02-15,787,32.9,UniqueLoc_129
UniqueBand_130,POP,2,5,Unique description for band 130,12,23.0,384,UniqueAlbum_130,1472,UniqueFront_130,ORANGE,WHITE,FRANCE,76,1981-07-13,701,33.0,UniqueLoc_130
UniqueBand_131,POST_PUNK,3,10,Unique description for band 131,8,23.1,288,UniqueAlbum_131,8971,UniqueFront_131,GREEN,WHITE,UNITED_KINGDOM,62,1970-09-26,285,33.1,UniqueLoc_131
UniqueBand_132,ROCK,7,8,Unique description for band 132,10,23.2,287,UniqueAlbum_132,8445,UniqueFront_132,GREEN,GREEN,NORTH_KOREA,68,1981-09-07,523,33.2,UniqueLoc_132
UniqueBand_133,POP,9,15,Unique description for band 133,7,23.3,406,UniqueAlbum_133,7755,UniqueFront_133,ORANGE,ORANGE,FRANCE,85,1985-08-21,253,33.3,UniqueLoc_133
UniqueBand_134,POP,3,11,Unique description for band 134,10,23.4,211,UniqueAlbum_134,2739,UniqueFront_134,WHITE,WHITE,NORTH_KOREA,80,1977-08-01,543,33.4,UniqueLoc_134
UniqueBand_135,POST_PUNK,10,20,Unique description for band 135,3,23.5,204,UniqueAlbum_135,9663,UniqueFront_135,ORANGE,WHITE,FRANCE,76,1988-12-10,317,33.5,UniqueLoc_135
UniqueBand_136,POP,6,18,Unique description for band 136,12,23.6,133,UniqueAlbum_136,8670,UniqueFront_136,WHITE,WHITE,NORTH_KOREA,75,1993-05-30,384,33.6,UniqueLoc_136
UniqueBand_137,PSYCHEDELIC_CLOUD_RAP,9,9,Unique description for band 137,1,23.7,394,UniqueAlbum_137,3012,UniqueFront_137,GREEN,WHITE,SOUTH_KOREA,68,1992-11-24,478,33.7,UniqueLoc_137
UniqueBand_138,POP,3,18,Unique description for band 138,8,23.8,324,UniqueAlbum_138,6886,UniqueFront_138,GREEN,WHITE,NORTH_KOREA,77,1970-07-18,377,33.8,UniqueLoc_138
UniqueBand_139,BLUES,4,9,Unique description for band 139,1,23.9,361,UniqueAlbum_139,6490,UniqueFront_139,ORANGE,WHITE,SOUTH_KOREA,90,1980-12-17,962,33.9,UniqueLoc_139
UniqueBand_140,POST_PUNK,8,15,Unique description for band 140,6,24.0,143,UniqueAlbum_140,8337,UniqueFront_140,GREEN,ORANGE,FRANCE,77,1995-12-19,576,34.0,UniqueLoc_140
UniqueBand_141,POST_PUNK,7,12,Unique description for band 141,13,24.1,139,UniqueAlbum_141,8754,UniqueFront_141,ORANGE,ORANGE,SOUTH_KOREA,72,1971-10-10,542,34.1,UniqueLoc_141
UniqueBand_142,POST_PUNK,9,15,Unique description for band 142,9,24.2,360,UniqueAlbum_142,9799,UniqueFront_142,GREEN,WHITE,SOUTH_KOREA,86,1985-10-24,706,34.2,UniqueLoc_142
UniqueBand_143,POST_PUNK,6,8,Unique description for band 143,11,24.3,413,UniqueAlbum_143,4942,UniqueFront_143,WHITE,WHITE,SOUTH_KOREA,64,1996-08-20,751,34.3,UniqueLoc_143
UniqueBand_144,POST_PUNK,2,17,Unique description for band 144,14,24.4,348,UniqueAlbum_144,1169,UniqueFront_144,GREEN,WHITE,UNITED_KINGDOM,77,1986-12-13,817,34.4,UniqueLoc_144
UniqueBand_145,POP,2,6,Unique description for band 145,9,24.5,126,UniqueAlbum_145,2773,UniqueFront_145,ORANGE,GREEN,SOUTH_KOREA,62,1992-11-09,996,34.5,UniqueLoc_145
UniqueBand_146,ROCK,3,12,Unique description for band 146,10,24.6,446,UniqueAlbum_146,7789,UniqueFront_146,GREEN,ORANGE,UNITED_KINGDOM,62,1978-10-28,210,34.6,UniqueLoc_146
UniqueBand_147,POP,4,16,Unique description for band 147,1,24.7,285,UniqueAlbum_147,1633,UniqueFront_147,WHITE,GREEN,NORTH_KOREA,85,1987-02-26,991,34.7,UniqueLoc_147
UniqueBand_148,ROCK,7,1,Unique description for band 148,3,24.8,396,UniqueAlbum_148,1936,UniqueFront_148,GREEN,GREEN,FRANCE,85,1981-06-04,578,34.8,UniqueLoc_148
UniqueBand_149,ROCK,7,14,Unique description for band 149,14,24.9,240,UniqueAlbum_149,4256,UniqueFront_149,ORANGE,WHITE,UNITED_KINGDOM,87,1993-11-24,410,34.9,UniqueLoc_149
UniqueBand_150,POST_PUNK,3,7,Unique description for band 150,6,25.0,217,UniqueAlbum_150,9124,UniqueFront_150,GREEN,ORANGE,NORTH_KOREA,75,1994-12-06,564,35.0,UniqueLoc_150
UniqueBand_151,BLUES,3,8,Unique description for band 151,11,25.1,172,UniqueAlbum_151,3885,UniqueFront_151,ORANGE,GREEN,FRANCE,60,1981-03-15,748,35.1,UniqueLoc_151
UniqueBand_152,POST_PUNK,7,1,Unique description for band 152,10,25.2,296,UniqueAlbum_152,2955,UniqueFront_152,ORANGE,GREEN,FRANCE,85,1972-11-25,628,35.2,UniqueLoc_152
UniqueBand_153,ROCK,8,14,Unique description for band 153,2,25.3,189,UniqueAlbum_153,2020,UniqueFront_153,GREEN,GREEN,NORTH_KOREA,79,1971-05-09,935,35.3,UniqueLoc_153
UniqueBand_154,ROCK,7,8,Unique description for band 154,1,25.4,392,UniqueAlbum_154,1975,UniqueFront_154,GREEN,ORANGE,FRANCE,86,1990-12-31,531,35.4,UniqueLoc_154
UniqueBand_155,ROCK,9,18,Unique description for band 155,13,25.5,132,UniqueAlbum_155,6433,UniqueFront_155,WHITE,WHITE,UNITED_KINGDOM,83,1995-04-26,969,35.5,UniqueLoc_155
UniqueBand_156,ROCK,9,1,Unique description for band 156,15,25.6,108,UniqueAlbum_156,9892,UniqueFront_156,ORANGE,WHITE,NORTH_KOREA,81,1986-12-09,765,35.6,UniqueLoc_156
UniqueBand_157,POST_PUNK,7,19,Unique description for band 157,12,25.7,261,UniqueAlbum_157,4739,UniqueFront_157,WHITE,WHITE,UNITED_KINGDOM,65,1985-12-29,705,35.7,UniqueLoc_157
UniqueBand_158,BLUES,6,2,Unique description for band 158,6,25.8,436,UniqueAlbum_158,4163,UniqueFront_158,GREEN,ORANGE,UNITED_KINGDOM,87,1980-11-03,707,35.8,UniqueLoc_158
UniqueBand_159,BLUES,5,4,Unique description for band 159,9,25.9,344,UniqueAlbum_159,5328,UniqueFront_159,WHITE,WHITE,SOUTH_KOREA,74,1990-02-23,417,35.9,UniqueLoc_159
UniqueBand_160,PSYCHEDELIC_CLOUD_RAP,4,2,Unique description for band 160,8,26.0,216,UniqueAlbum_160,8733,UniqueFront_160,GREEN,GREEN,SOUTH_KOREA,64,1981-01-25,326,36.0,UniqueLoc_160
UniqueBand_161,POST_PUNK,10,15,Unique description for band 161,11,26.1,365,UniqueAlbum_161,2492,UniqueFront_161,ORANGE,WHITE,FRANCE,87,1972-06-16,231,36.1,UniqueLoc_161
UniqueBand_162,PSYCHEDELIC_CLOUD_RAP,7,1,Unique description for band 162,7,26.2,170,UniqueAlbum_162,7640,UniqueFront_162,GREEN,WHITE,NORTH_KOREA,71,1989-11-17,425,36.2,UniqueLoc_162
UniqueBand_163,ROCK,4,7,Unique description for band 163,2,26.3,319,UniqueAlbum_163,3861,UniqueFront_163,ORANGE,ORANGE,NORTH_KOREA,73,1983-04-21,826,36.3,UniqueLoc_163
UniqueBand_164,POST_PUNK,3,19,Unique description for band 164,12,26.4,304,UniqueAlbum_164,4312,UniqueFront_164,ORANGE,GREEN,NORTH_KOREA,89,1977-01-04,714,36.4,UniqueLoc_164
UniqueBand_165,ROCK,8,17,Unique description for band 165,9,26.5,357,UniqueAlbum_165,6750,UniqueFront_165,GREEN,WHITE,UNITED_KINGDOM,88,1994-06-14,345,36.5,UniqueLoc_165
UniqueBand_166,PSYCHEDELIC_CLOUD_RAP,4,3,Unique description for band 166,11,26.6,207,UniqueAlbum_166,7160,UniqueFront_166,ORANGE,ORANGE,SOUTH_KOREA,83,1995-06-05,425,36.6,UniqueLoc_166
UniqueBand_167,PSYCHEDELIC_CLOUD_RAP,7,2,Unique description for band 167,5,26.7,343,UniqueAlbum_167,2292,UniqueFront_167,GREEN,GREEN,SOUTH_KOREA,67,1974-08-15,716,36.7,UniqueLoc_167
UniqueBand_168,BLUES,6,12,Unique description for band 168,10,26.8,185,UniqueAlbum_168,8894,UniqueFront_168,GREEN,WHITE,FRANCE,61,1982-03-15,449,36.8,UniqueLoc_168
UniqueBand_169,ROCK,10,8,Unique description for band 169,14,26.9,333,UniqueAlbum_169,4835,UniqueFront_169,ORANGE,ORANGE,FRANCE,87,1991-02-03,895,36.9,UniqueLoc_169
UniqueBand_170,PSYCHEDELIC_CLOUD_RAP,7,13,Unique description for band 170,6,27.0,142,UniqueAlbum_170,6896,UniqueFront_170,GREEN,ORANGE,FRANCE,74,1989-06-16,714,37.0,UniqueLoc_170
UniqueBand_171,ROCK,10,15,Unique description for band 171,9,27.1,372,UniqueAlbum_171,9057,UniqueFront_171,ORANGE,WHITE,FRANCE,83,1994-09-18,765,37.1,UniqueLoc_171
UniqueBand_172,POST_PUNK,9,1,Unique description for band 172,15,27.2,343,UniqueAlbum_172,8255,UniqueFront_172,ORANGE,ORANGE,UNITED_KINGDOM,81,1981-10-20,106,37.2,UniqueLoc_172
UniqueBand_173,POP,7,8,Unique description for band 173,7,27.3,256,UniqueAlbum_173,2483,UniqueFront_173,WHITE,ORANGE,UNITED_KINGDOM,61,1974-08-21,791,37.3,UniqueLoc_173
UniqueBand_174,ROCK,10,16,Unique description for band 174,15,27.4,198,UniqueAlbum_174,3894,UniqueFront_174,GREEN,ORANGE,UNITED_KINGDOM,70,1970-07-17,965,37.4,UniqueLoc_174
UniqueBand_175,POP,9,18,Unique description for band 175,7,27.5,303,UniqueAlbum_175,4334,UniqueFront_175,ORANGE,WHITE,UNITED_KINGDOM,82,1981-04-02,776,37.5,UniqueLoc_175
UniqueBand_176,POST_PUNK,4,4,Unique description for band 176,1,27.6,163,UniqueAlbum_176,9570,UniqueFront_176,WHITE,ORANGE,FRANCE,87,1975-06-07,377,37.6,UniqueLoc_176
UniqueBand_177,POST_PUNK,10,12,Unique description for band 177,14,27.7,446,UniqueAlbum_177,7083,UniqueFront_177,WHITE,WHITE,FRANCE,82,1993-08-03,583,37.7,UniqueLoc_177
UniqueBand_178,BLUES,4,9,Unique description for band 178,15,27.8,239,UniqueAlbum_178,8877,UniqueFront_178,WHITE,ORANGE,SOUTH_KOREA,77,1977-05-01,625,37.8,UniqueLoc_178
UniqueBand_179,PSYCHEDELIC_CLOUD_RAP,6,11,Unique description for band 179,3,27.9,205,UniqueAlbum_179,2468,UniqueFront_179,WHITE,WHITE,FRANCE,83,1977-08-10,137,37.9,UniqueLoc_179
UniqueBand_180,PSYCHEDELIC_CLOUD_RAP,3,10,Unique description for band 180,5,28.0,283,UniqueAlbum_180,5892,UniqueFront_180,GREEN,ORANGE,SOUTH_KOREA,73,1981-12-08,656,38.0,UniqueLoc_180
UniqueBand_181,PSYCHEDELIC_CLOUD_RAP,5,1,Unique description for band 181,8,28.1,225,UniqueAlbum_181,5358,UniqueFront_181,WHITE,ORANGE,NORTH_KOREA,64,1983-09-28,724,38.1,UniqueLoc_181
UniqueBand_182,POST_PUNK,2,11,Unique description for band 182,4,28.2,147,UniqueAlbum_182,1190,UniqueFront_182,WHITE,WHITE,SOUTH_KOREA,78,1975-09-27,562,38.2,UniqueLoc_182
UniqueBand_183,POP,10,15,Unique description for band 183,13,28.3,294,UniqueAlbum_183,9471,UniqueFront_183,WHITE,ORANGE,UNITED_KINGDOM,88,1986-11-10,668,38.3,UniqueLoc_183
UniqueBand_184,POST_PUNK,2,18,Unique description for band 184,13,28.4,185,UniqueAlbum_184,9398,UniqueFront_184,GREEN,GREEN,FRANCE,69,1989-07-15,579,38.4,UniqueLoc_184
UniqueBand_185,ROCK,6,10,Unique description for band 185,1,28.5,248,UniqueAlbum_185,9772,UniqueFront_185,GREEN,GREEN,NORTH_KOREA,61,1970-06-25,179,38.5,UniqueLoc_185
UniqueBand_186,PSYCHEDELIC_CLOUD_RAP,8,13,Unique description for band 186,14,28.6,254,UniqueAlbum_186,3323,UniqueFront_186,ORANGE,GREEN,FRANCE,73,1991-09-07,687,38.6,UniqueLoc_186
UniqueBand_187,POST_PUNK,4,5,Unique description for band 187,6,28.7,266,UniqueAlbum_187,7656,UniqueFront_187,GREEN,GREEN,FRANCE,86,1971-08-01,395,38.7,UniqueLoc_187
UniqueBand_188,ROCK,2,20,Unique description for band 188,6,28.8,333,UniqueAlbum_188,8661,UniqueFront_188,WHITE,ORANGE,SOUTH_KOREA,60,1992-04-14,218,38.8,UniqueLoc_188
UniqueBand_189,BLUES,2,11,Unique description for band 189,10,28.9,339,UniqueAlbum_189,7270,UniqueFront_189,WHITE,WHITE,FRANCE,75,1987-10-03,660,38.9,UniqueLoc_189
UniqueBand_190,POST_PUNK,2,9,Unique description for band 190,6,29.0,362,UniqueAlbum_190,5301,UniqueFront_190,GREEN,WHITE,UNITED_KINGDOM,70,1991-09-09,920,39.0,UniqueLoc_190
UniqueBand_191,ROCK,9,4,Unique description for band 191,1,29.1,261,UniqueAlbum_191,4848,UniqueFront_191,WHITE,ORANGE,SOUTH_KOREA,79,1979-04-14,613,39.1,UniqueLoc_191
UniqueBand_192,BLUES,4,15,Unique description for band 192,14,29.2,390,UniqueAlbum_192,5622,UniqueFront_192,GREEN,WHITE,FRANCE,78,1983-09-01,722,39.2,UniqueLoc_192
UniqueBand_193,PSYCHEDELIC_CLOUD_RAP,10,9,Unique description for band 193,13,29.3,394,UniqueAlbum_193,9990,UniqueFront_193,WHITE,ORANGE,UNITED_KINGDOM,90,1992-08-25,122,39.3,UniqueLoc_193
UniqueBand_194,POST_PUNK,6,1,Unique description for band 194,10,29.4,363,UniqueAlbum_194,9788,UniqueFront_194,WHITE,ORANGE,UNITED_KINGDOM,88,1974-10-04,823,39.4,UniqueLoc_194
UniqueBand_195,POP,3,16,Unique description for band 195,6,29.5,121,UniqueAlbum_195,2458,UniqueFront_195,ORANGE,GREEN,SOUTH_KOREA,71,1977-07-30,488,39.5,UniqueLoc_195
UniqueBand_196,PSYCHEDELIC_CLOUD_RAP,3,12,Unique description for band 196,7,29.6,332,UniqueAlbum_196,8308,UniqueFront_196,WHITE,ORANGE,NORTH_KOREA,60,1970-03-18,679,39.6,UniqueLoc_196
UniqueBand_197,PSYCHEDELIC_CLOUD_RAP,8,18,Unique description for band 197,13,29.7,223,UniqueAlbum_197,9289,UniqueFront_197,GREEN,ORANGE,SOUTH_KOREA,69,1972-10-15,168,39.7,UniqueLoc_197
UniqueBand_198,POP,2,1,Unique description for band 198,3,29.8,222,UniqueAlbum_198,6966,UniqueFront_198,GREEN,WHITE,UNITED_KINGDOM,62,1976-02-17,286,39.8,UniqueLoc_198
UniqueBand_199,PSYCHEDELIC_CLOUD_RAP,9,16,Unique description for band 199,2,29.9,406,UniqueAlbum_199,6454,UniqueFront_199,GREEN,ORANGE,UNITED_KINGDOM,76,1973-12-07,337,39.9,UniqueLoc_199
UniqueBand_200,POP,4,17,Unique description for band 200,1,30.0,183,UniqueAlbum_200,4198,UniqueFront_200,WHITE,ORANGE,SOUTH_KOREA,85,1994-08-31,931,40.0,UniqueLoc_200
UniqueBand_201,PSYCHEDELIC_CLOUD_RAP,4,1,Unique description for band 201,2,30.1,419,UniqueAlbum_201,1443,UniqueFront_201,WHITE,ORANGE,NORTH_KOREA,79,1988-04-26,440,40.1,UniqueLoc_201
UniqueBand_202,POP,9,11,Unique description for band 202,10,30.2,112,UniqueAlbum_202,5777,UniqueFront_202,ORANGE,GREEN,NORTH_KOREA,67,1991-07-21,568,40.2,UniqueLoc_202
UniqueBand_203,POST_PUNK,2,3,Unique description for band 203,15,30.3,142,UniqueAlbum_203,8347,UniqueFront_203,WHITE,ORANGE,NORTH_KOREA,64,1992-09-27,129,40.3,UniqueLoc_203
UniqueBand_204,POST_PUNK,2,14,Unique description for band 204,9,30.4,428,UniqueAlbum_204,1296,UniqueFront_204,WHITE,GREEN,SOUTH_KOREA,66,1985-05-23,815,40.4,UniqueLoc_204
UniqueBand_205,BLUES,2,6,Unique description for band 205,14,30.5,158,UniqueAlbum_205,6144,UniqueFront_205,ORANGE,ORANGE,FRANCE,61,1991-02-10,545,40.5,UniqueLoc_205
UniqueBand_206,POST_PUNK,2,5,Unique description for band 206,13,30.6,125,UniqueAlbum_206,7745,UniqueFront_206,ORANGE,GREEN,NORTH_KOREA,87,1995-09-20,669,40.6,UniqueLoc_206
UniqueBand_207,BLUES,2,10,Unique description for band 207,9,30.7,343,UniqueAlbum_207,1255,UniqueFront_207,GREEN,GREEN,FRANCE,88,1983-11-26,291,40.7,UniqueLoc_207
UniqueBand_208,BLUES,3,18,Unique description for band 208,5,30.8,388,UniqueAlbum_208,9617,UniqueFront_208,GREEN,GREEN,NORTH_KOREA,60,1977-09-10,369,40.8,UniqueLoc_208
UniqueBand_209,POST_PUNK,3,2,Unique description for band 209,8,30.9,393,UniqueAlbum_209,3955,UniqueFront_209,ORANGE,WHITE,SOUTH_KOREA,72,1987-09-28,279,40.9,UniqueLoc_209
UniqueBand_210,PSYCHEDELIC_CLOUD_RAP,6,4,Unique description for band 210,14,31.0,321,UniqueAlbum_210,7715,UniqueFront_210,WHITE,ORANGE,SOUTH_KOREA,80,1982-06-19,354,41.0,UniqueLoc_210
UniqueBand_211,POST_PUNK,8,14,Unique description for band 211,5,31.1,438,UniqueAlbum_211,1505,UniqueFront_211,WHITE,ORANGE,SOUTH_KOREA,67,1976-10-24,223,41.1,UniqueLoc_211
UniqueBand_212,POST_PUNK,5,14,Unique description for band 212,13,31.2,362,UniqueAlbum_212,8792,UniqueFront_212,WHITE,WHITE,FRANCE,76,1985-07-08,958,41.2,UniqueLoc_212
UniqueBand_213,BLUES,6,9,Unique description for band 213,5,31.3,115,UniqueAlbum_213,7078,UniqueFront_213,ORANGE,ORANGE,NORTH_KOREA,67,1980-06-08,123,41.3,UniqueLoc_213
UniqueBand_214,ROCK,8,12,Unique description for band 214,7,31.4,429,UniqueAlbum_214,1865,UniqueFront_214,ORANGE,WHITE,FRANCE,80,1993-08-11,899,41.4,UniqueLoc_214
UniqueBand_215,POST_PUNK,3,6,Unique description for band 215,7,31.5,388,UniqueAlbum_215,1105,UniqueFront_215,WHITE,GREEN,NORTH_KOREA,62,1990-10-04,811,41.5,UniqueLoc_215
UniqueBand_216,BLUES,5,2,Unique description for band 216,4,31.6,302,UniqueAlbum_216,4309,UniqueFront_216,GREEN,GREEN,UNITED_KINGDOM,79,1971-10-11,523,41.6,UniqueLoc_216
UniqueBand_217,PSYCHEDELIC_CLOUD_RAP,3,5,Unique description for band 217,1,31.7,411,UniqueAlbum_217,6896,UniqueFront_217,ORANGE,WHITE,FRANCE,65,1971-12-04,872,41.7,UniqueLoc_217
UniqueBand_218,BLUES,10,4,Unique description for band 218,8,31.8,404,UniqueAlbum_218,3409,UniqueFront_218,WHITE,WHITE,UNITED_KINGDOM,87,1970-10-09,214,41.8,UniqueLoc_218
UniqueBand_219,BLUES,5,11,Unique description for band 219,3,31.9,101,UniqueAlbum_219,6758,UniqueFront_219,WHITE,WHITE,SOUTH_KOREA,84,1980-02-26,525,41.9,UniqueLoc_219
UniqueBand_220,BLUES,3,7,Unique description for band 220,10,32.0,443,UniqueAlbum_220,6869,UniqueFront_220,GREEN,GREEN,UNITED_KINGDOM,76,1972-06-14,123,42.0,UniqueLoc_220
UniqueBand_221,POST_PUNK,2,6,Unique description for band 221,7,32.1,409,UniqueAlbum_221,4183,UniqueFront_221,GREEN,GREEN,NORTH_KOREA,76,1974-08-07,303,42.1,UniqueLoc_221
UniqueBand_222,POST_PUNK,10,15,Unique description for band 222,10,32.2,444,UniqueAlbum_222,3469,UniqueFront_222,GREEN,WHITE,SOUTH_KOREA,78,1994-02-05,665,42.2,UniqueLoc_222
UniqueBand_223,ROCK,2,6,Unique description for band 223,2,32.3,258,UniqueAlbum_223,8325,UniqueFront_223,GREEN,WHITE,NORTH_KOREA,73,1984-08-16,359,42.3,UniqueLoc_223
UniqueBand_224,ROCK,7,5,Unique description for band 224,6,32.4,382,UniqueAlbum_224,3313,UniqueFront_224,ORANGE,ORANGE,NORTH_KOREA,70,1983-01-03,449,42.4,UniqueLoc_224
UniqueBand_225,POST_PUNK,5,4,Unique description for band 225,2,32.5,391,UniqueAlbum_225,4398,UniqueFront_225,ORANGE,ORANGE,NORTH_KOREA,79,1995-12-24,1000,42.5,UniqueLoc_225
UniqueBand_226,ROCK,7,5,Unique description for band 226,10,32.6,244,UniqueAlbum_226,7651,UniqueFront_226,ORANGE,WHITE,NORTH_KOREA,61,1989-04-19,280,42.6,UniqueLoc_226
UniqueBand_227,ROCK,3,9,Unique description for band 227,10,32.7,145,UniqueAlbum_227,2457,UniqueFront_227,ORANGE,WHITE,NORTH_KOREA,74,1989-04-03,565,42.7,UniqueLoc_227
UniqueBand_228,POST_PUNK,8,15,Unique description for band 228,4,32.8,243,UniqueAlbum_228,5726,UniqueFront_228,GREEN,ORANGE,SOUTH_KOREA,76,1992-11-18,404,42.8,UniqueLoc_228
UniqueBand_229,PSYCHEDELIC_CLOUD_RAP,9,10,Unique description for band 229,12,32.9,429,UniqueAlbum_229,2127,UniqueFront_229,WHITE,ORANGE,NORTH_KOREA,79,1984-07-29,761,42.9,UniqueLoc_229
UniqueBand_230,BLUES,2,20,Unique description for band 230,10,33.0,274,UniqueAlbum_230,7042,UniqueFront_230,WHITE,ORANGE,FRANCE,78,1978-09-30,483,43.0,UniqueLoc_230
UniqueBand_231,ROCK,9,11,Unique description for band 231,12,33.1,429,UniqueAlbum_231,6649,UniqueFront_231,WHITE,WHITE,NORTH_KOREA,82,1981-05-26,239,43.1,UniqueLoc_231
UniqueBand_232,POP,3,17,Unique description for band 232,6,33.2,185,UniqueAlbum_232,9812,UniqueFront_232,GREEN,ORANGE,FRANCE,81,1987-10-10,812,43.2,UniqueLoc_232
UniqueBand_233,ROCK,8,20,Unique description for band 233,12,33.3,283,UniqueAlbum_233,3069,UniqueFront_233,ORANGE,GREEN,NORTH_KOREA,90,1982-06-03,924,43.3,UniqueLoc_233
UniqueBand_234,POP,10,10,Unique description for band 234,5,33.4,395,UniqueAlbum_234,3995,UniqueFront_234,ORANGE,ORANGE,FRANCE,81,1987-05-05,749,43.4,UniqueLoc_234
UniqueBand_235,BLUES,10,20,Unique description for band 235,1,33.5,220,UniqueAlbum_235,4855,UniqueFront_235,WHITE,GREEN,NORTH_KOREA,79,1977-05-05,999,43.5,UniqueLoc_235
UniqueBand_236,POP,5,20,Unique description for band 236,11,33.6,147,UniqueAlbum_236,1649,UniqueFront_236,GREEN,ORANGE,FRANCE,61,1982-11-26,647,43.6,UniqueLoc_236
UniqueBand_237,PSYCHEDELIC_CLOUD_RAP,10,9,Unique description for band 237,4,33.7,145,UniqueAlbum_237,9423,UniqueFront_237,WHITE,WHITE,UNITED_KINGDOM,70,1985-02-28,615,43.7,UniqueLoc_237
UniqueBand_238,PSYCHEDELIC_CLOUD_RAP,9,2,Unique description for band 238,12,33.8,157,UniqueAlbum_238,8146,UniqueFront_238,GREEN,WHITE,SOUTH_KOREA,72,1972-02-18,836,43.8,UniqueLoc_238
UniqueBand_239,POP,3,9,Unique description for band 239,9,33.9,289,UniqueAlbum_239,4216,UniqueFront_239,ORANGE,ORANGE,FRANCE,68,1970-02-11,510,43.9,UniqueLoc_239
UniqueBand_240,ROCK,3,4,Unique description for band 240,9,34.0,145,UniqueAlbum_240,5212,UniqueFront_240,WHITE,ORANGE,UNITED_KINGDOM,69,1988-02-27,711,44.0,UniqueLoc_240
UniqueBand_241,PSYCHEDELIC_CLOUD_RAP,9,1,Unique description for band 241,1,34.1,269,UniqueAlbum_241,3329,UniqueFront_241,WHITE,GREEN,NORTH_KOREA,74,1970-10-02,895,44.1,UniqueLoc_241
UniqueBand_242,POST_PUNK,3,17,Unique description for band 242,7,34.2,331,UniqueAlbum_242,3958,UniqueFront_242,WHITE,GREEN,SOUTH_KOREA,83,1972-02-29,288,44.2,UniqueLoc_242
UniqueBand_243,POP,5,6,Unique description for band 243,4,34.3,406,UniqueAlbum_243,9650,UniqueFront_243,GREEN,ORANGE,UNITED_KINGDOM,71,1991-08-09,655,44.3,UniqueLoc_243
UniqueBand_244,POST_PUNK,8,5,Unique description for band 244,1,34.4,111,UniqueAlbum_244,2195,UniqueFront_244,WHITE,GREEN,NORTH_KOREA,86,1977-09-11,297,44.4,UniqueLoc_244
UniqueBand_245,BLUES,6,14,Unique description for band 245,7,34.5,135,UniqueAlbum_245,2236,UniqueFront_245,WHITE,WHITE,SOUTH_KOREA,88,1970-10-14,560,44.5,UniqueLoc_245
UniqueBand_246,POST_PUNK,5,4,Unique description for band 246,13,34.6,379,UniqueAlbum_246,7448,UniqueFront_246,GREEN,WHITE,NORTH_KOREA,61,1974-08-26,682,44.6,UniqueLoc_246
UniqueBand_247,POST_PUNK,3,7,Unique description for band 247,3,34.7,130,UniqueAlbum_247,8947,UniqueFront_247,WHITE,GREEN,FRANCE,84,1977-05-27,427,44.7,UniqueLoc_247
UniqueBand_248,POP,2,14,Unique description for band 248,14,34.8,350,UniqueAlbum_248,1693,UniqueFront_248,WHITE,GREEN,NORTH_KOREA,62,1991-10-02,745,44.8,UniqueLoc_248
UniqueBand_249,ROCK,8,4,Unique description for band 249,4,34.9,378,UniqueAlbum_249,5567,UniqueFront_249,GREEN,GREEN,NORTH_KOREA,78,1983-01-17,924,44.9,UniqueLoc_249
UniqueBand_250,POP,8,17,Unique description for band 250,13,35.0,250,UniqueAlbum_250,4639,UniqueFront_250,ORANGE,ORANGE,SOUTH_KOREA,64,1984-10-01,899,45.0,UniqueLoc_250
UniqueBand_251,POP,4,18,Unique description for band 251,12,35.1,401,UniqueAlbum_251,1767,UniqueFront_251,ORANGE,GREEN,FRANCE,82,1991-04-23,310,45.1,UniqueLoc_251
UniqueBand_252,PSYCHEDELIC_CLOUD_RAP,7,2,Unique description for band 252,13,35.2,376,UniqueAlbum_252,9555,UniqueFront_252,GREEN,GREEN,UNITED_KINGDOM,81,1987-09-11,994,45.2,UniqueLoc_252
UniqueBand_253,PSYCHEDELIC_CLOUD_RAP,10,16,Unique description for band 253,8,35.3,395,UniqueAlbum_253,2599,UniqueFront_253,WHITE,ORANGE,SOUTH_KOREA,89,1994-12-10,281,45.3,UniqueLoc_253
UniqueBand_254,BLUES,8,6,Unique description for band 254,1,35.4,342,UniqueAlbum_254,2065,UniqueFront_254,GREEN,GREEN,NORTH_KOREA,67,1981-11-07,571,45.4,UniqueLoc_254
UniqueBand_255,PSYCHEDELIC_CLOUD_RAP,3,5,Unique description for band 255,3,35.5,316,UniqueAlbum_255,4236,UniqueFront_255,GREEN,ORANGE,FRANCE,89,1996-11-18,238,45.5,UniqueLoc_255
UniqueBand_256,POP,3,20,Unique description for band 256,12,35.6,105,UniqueAlbum_256,4212,UniqueFront_256,WHITE,GREEN,UNITED_KINGDOM,62,1987-01-29,282,45.6,UniqueLoc_256
UniqueBand_257,ROCK,2,15,Unique description for band 257,15,35.7,158,UniqueAlbum_257,4766,UniqueFront_257,GREEN,GREEN,FRANCE,83,1983-10-13,288,45.7,UniqueLoc_257
UniqueBand_258,PSYCHEDELIC_CLOUD_RAP,8,18,Unique description for band 258,6,35.8,225,UniqueAlbum_258,5242,UniqueFront_258,WHITE,WHITE,FRANCE,75,1986-03-26,280,45.8,UniqueLoc_258
UniqueBand_259,PSYCHEDELIC_CLOUD_RAP,8,15,Unique description for band 259,1,35.9,368,UniqueAlbum_259,7006,UniqueFront_259,ORANGE,ORANGE,SOUTH_KOREA,63,1977-11-01,195,45.9,UniqueLoc_259
UniqueBand_260,BLUES,7,4,Unique description for band 260,8,36.0,290,UniqueAlbum_260,6836,UniqueFront_260,ORANGE,GREEN,SOUTH_KOREA,64,1996-06-16,894,46.0,UniqueLoc_260
UniqueBand_261,POP,10,1,Unique description for band 261,10,36.1,367,UniqueAlbum_261,3893,UniqueFront_261,WHITE,WHITE,SOUTH_KOREA,89,1971-12-29,306,46.1,UniqueLoc_261
UniqueBand_262,POST_PUNK,9,10,Unique description for band 262,7,36.2,359,UniqueAlbum_262,9704,UniqueFront_262,WHITE,ORANGE,NORTH_KOREA,79,1977-02-13,938,46.2,UniqueLoc_262
UniqueBand_263,ROCK,8,20,Unique description for band 263,9,36.3,417,UniqueAlbum_263,8488,UniqueFront_263,GREEN,ORANGE,FRANCE,79,1974-02-20,547,46.3,UniqueLoc_263
UniqueBand_264,POST_PUNK,8,11,Unique description for band 264,4,36.4,130,UniqueAlbum_264,1273,UniqueFront_264,ORANGE,WHITE,SOUTH_KOREA,78,1990-05-16,551,46.4,UniqueLoc_264
UniqueBand_265,POST_PUNK,4,14,Unique description for band 265,6,36.5,208,UniqueAlbum_265,5458,UniqueFront_265,ORANGE,GREEN,NORTH_KOREA,70,1987-10-23,723,46.5,UniqueLoc_265
UniqueBand_266,POST_PUNK,9,15,Unique description for band 266,9,36.6,423,UniqueAlbum_266,4678,UniqueFront_266,WHITE,GREEN,FRANCE,81,1970-12-11,524,46.6,UniqueLoc_266
UniqueBand_267,BLUES,6,12,Unique description for band 267,11,36.7,428,UniqueAlbum_267,5832,UniqueFront_267,WHITE,WHITE,SOUTH_KOREA,61,1997-03-24,205,46.7,UniqueLoc_267
UniqueBand_268,POP,3,4,Unique description for band 268,12,36.8,203,UniqueAlbum_268,4151,UniqueFront_268,GREEN,WHITE,UNITED_KINGDOM,75,1970-04-30,821,46.8,UniqueLoc_268
UniqueBand_269,ROCK,7,19,Unique description for band 269,2,36.9,209,UniqueAlbum_269,3510,UniqueFront_269,ORANGE,ORANGE,NORTH_KOREA,70,1997-01-01,157,46.9,UniqueLoc_269
UniqueBand_270,POST_PUNK,3,7,Unique description for band 270,12,37.0,428,UniqueAlbum_270,2006,UniqueFront_270,WHITE,WHITE,UNITED_KINGDOM,82,1971-07-10,149,47.0,UniqueLoc_270
UniqueBand_271,BLUES,4,13,Unique description for band 271,7,37.1,165,UniqueAlbum_271,5651,UniqueFront_271,GREEN,WHITE,UNITED_KINGDOM,87,1970-09-26,358,47.1,UniqueLoc_271
UniqueBand_272,POST_PUNK,10,15,Unique description for band 272,5,37.2,247,UniqueAlbum_272,1499,UniqueFront_272,GREEN,WHITE,UNITED_KINGDOM,76,1976-07-04,550,47.2,UniqueLoc_272
UniqueBand_273,BLUES,4,6,Unique description for band 273,15,37.3,186,UniqueAlbum_273,4314,UniqueFront_273,GREEN,WHITE,FRANCE,70,1991-08-16,862,47.3,UniqueLoc_273
UniqueBand_274,POST_PUNK,9,19,Unique description for band 274,14,37.4,430,UniqueAlbum_274,8787,UniqueFront_274,WHITE,GREEN,SOUTH_KOREA,80,1982-07-20,771,47.4,UniqueLoc_274
UniqueBand_275,POP,2,2,Unique description for band 275,9,37.5,196,UniqueAlbum_275,7791,UniqueFront_275,GREEN,ORANGE,FRANCE,78,1975-04-08,172,47.5,UniqueLoc_275
UniqueBand_276,BLUES,9,2,Unique description for band 276,10,37.6,356,UniqueAlbum_276,3084,UniqueFront_276,GREEN,WHITE,FRANCE,62,1982-12-24,985,47.6,UniqueLoc_276
UniqueBand_277,BLUES,4,5,Unique description for band 277,6,37.7,245,UniqueAlbum_277,7227,UniqueFront_277,GREEN,WHITE,SOUTH_KOREA,76,1996-12-01,462,47.7,UniqueLoc_277
UniqueBand_278,POP,2,8,Unique description for band 278,11,37.8,361,UniqueAlbum_278,1325,UniqueFront_278,WHITE,ORANGE,SOUTH_KOREA,75,1987-03-01,707,47.8,UniqueLoc_278
UniqueBand_279,BLUES,2,15,Unique description for band 279,6,37.9,143,UniqueAlbum_279,9629,UniqueFront_279,GREEN,ORANGE,SOUTH_KOREA,83,1993-07-09,678,47.9,UniqueLoc_279
UniqueBand_280,BLUES,7,16,Unique description for band 280,12,38.0,302,UniqueAlbum_280,4472,UniqueFront_280,WHITE,WHITE,UNITED_KINGDOM,75,1971-02-01,308,48.0,UniqueLoc_280
UniqueBand_281,ROCK,3,5,Unique description for band 281,14,38.1,308,UniqueAlbum_281,5121,UniqueFront_281,ORANGE,ORANGE,NORTH_KOREA,75,1997-04-29,531,48.1,UniqueLoc_281
UniqueBand_282,POP,2,10,Unique description for band 282,9,38.2,347,UniqueAlbum_282,3158,UniqueFront_282,ORANGE,WHITE,SOUTH_KOREA,87,1993-12-31,546,48.2,UniqueLoc_282
UniqueBand_283,ROCK,5,18,Unique description for band 283,5,38.3,101,UniqueAlbum_283,5291,UniqueFront_283,GREEN,ORANGE,FRANCE,81,1983-03-26,853,48.3,UniqueLoc_283
UniqueBand_284,BLUES,5,5,Unique description for band 284,3,38.4,339,UniqueAlbum_284,1693,UniqueFront_284,WHITE,ORANGE,UNITED_KINGDOM,72,1986-06-05,144,48.4,UniqueLoc_284
UniqueBand_285,PSYCHEDELIC_CLOUD_RAP,3,13,Unique description for band 285,9,38.5,177,UniqueAlbum_285,7342,UniqueFront_285,ORANGE,ORANGE,FRANCE,78,1992-02-24,500,48.5,UniqueLoc_285
UniqueBand_286,BLUES,10,19,Unique description for band 286,11,38.6,356,UniqueAlbum_286,5625,UniqueFront_286,WHITE,ORANGE,UNITED_KINGDOM,71,1992-02-14,836,48.6,UniqueLoc_286
UniqueBand_287,BLUES,2,14,Unique description for band 287,8,38.7,179,UniqueAlbum_287,5521,UniqueFront_287,WHITE,WHITE,UNITED_KINGDOM,65,1977-12-11,184,48.7,UniqueLoc_287
UniqueBand_288,ROCK,10,8,Unique description for band 288,10,38.8,248,UniqueAlbum_288,3758,UniqueFront_288,ORANGE,ORANGE,NORTH_KOREA,65,1970-03-02,670,48.8,UniqueLoc_288
UniqueBand_289,PSYCHEDELIC_CLOUD_RAP,5,12,Unique description for band 289,13,38.9,137,UniqueAlbum_289,3557,UniqueFront_289,ORANGE,ORANGE,NORTH_KOREA,62,1996-11-18,149,48.9,UniqueLoc_289
UniqueBand_290,PSYCHEDELIC_CLOUD_RAP,7,19,Unique description for band 290,15,39.0,425,UniqueAlbum_290,8264,UniqueFront_290,WHITE,WHITE,UNITED_KINGDOM,65,1977-10-21,708,49.0,UniqueLoc_290
UniqueBand_291,POP,10,12,Unique description for band 291,12,39.1,218,UniqueAlbum_291,7868,UniqueFront_291,ORANGE,GREEN,UNITED_KINGDOM,62,1993-11-16,219,49.1,UniqueLoc_291
UniqueBand_292,POP,6,15,Unique description for band 292,12,39.2,192,UniqueAlbum_292,8679,UniqueFront_292,ORANGE,GREEN,SOUTH_KOREA,63,1970-02-17,632,49.2,UniqueLoc_292
UniqueBand_293,POST_PUNK,7,6,Unique description for band 293,7,39.3,120,UniqueAlbum_293,7381,UniqueFront_293,ORANGE,ORANGE,UNITED_KINGDOM,69,1983-04-17,430,49.3,UniqueLoc_293
UniqueBand_294,PSYCHEDELIC_CLOUD_RAP,4,7,Unique description for band 294,15,39.4,411,UniqueAlbum_294,7687,UniqueFront_294,GREEN,ORANGE,FRANCE,62,1978-01-14,539,49.4,UniqueLoc_294
UniqueBand_295,POST_PUNK,6,7,Unique description for band 295,4,39.5,213,UniqueAlbum_295,6610,UniqueFront_295,GREEN,ORANGE,UNITED_KINGDOM,88,1971-04-05,764,49.5,UniqueLoc_295
UniqueBand_296,PSYCHEDELIC_CLOUD_RAP,9,16,Unique description for band 296,12,39.6,261,UniqueAlbum_296,7363,UniqueFront_296,GREEN,GREEN,FRANCE,60,1989-07-03,789,49.6,UniqueLoc_296
UniqueBand_297,BLUES,10,9,Unique description for band 297,3,39.7,126,UniqueAlbum_297,2480,UniqueFront_297,ORANGE,GREEN,NORTH_KOREA,73,1986-04-24,214,49.7,UniqueLoc_297
UniqueBand_298,POST_PUNK,6,10,Unique description for band 298,5,39.8,234,UniqueAlbum_298,8148,UniqueFront_298,GREEN,ORANGE,UNITED_KINGDOM,60,1973-10-20,804,49.8,UniqueLoc_298
UniqueBand_299,POST_PUNK,7,8,Unique description for band 299,13,39.9,330,UniqueAlbum_299,8118,UniqueFront_299,WHITE,WHITE,NORTH_KOREA,73,1979-10-10,949,49.9,UniqueLoc_299
UniqueBand_300,PSYCHEDELIC_CLOUD_RAP,8,4,Unique description for band 300,4,40.0,443,UniqueAlbum_300,6269,UniqueFront_300,WHITE,GREEN,NORTH_KOREA,62,1994-06-04,204,50.0,UniqueLoc_300
UniqueBand_301,ROCK,2,19,Unique description for band 301,9,40.1,152,UniqueAlbum_301,7528,UniqueFront_301,WHITE,ORANGE,SOUTH_KOREA,76,1977-02-16,197,50.1,UniqueLoc_301
UniqueBand_302,POST_PUNK,9,4,Unique description for band 302,8,40.2,182,UniqueAlbum_302,3818,UniqueFront_302,WHITE,WHITE,UNITED_KINGDOM,76,1979-07-07,658,50.2,UniqueLoc_302
UniqueBand_303,ROCK,2,20,Unique description for band 303,3,40.3,402,UniqueAlbum_303,7904,UniqueFront_303,GREEN,GREEN,FRANCE,70,1973-10-31,716,50.3,UniqueLoc_303
UniqueBand_304,POST_PUNK,5,5,Unique description for band 304,5,40.4,358,UniqueAlbum_304,3381,UniqueFront_304,GREEN,WHITE,UNITED_KINGDOM,75,1981-09-10,369,50.4,UniqueLoc_304
UniqueBand_305,PSYCHEDELIC_CLOUD_RAP,8,1,Unique description for band 305,13,40.5,175,UniqueAlbum_305,9734,UniqueFront_305,ORANGE,WHITE,NORTH_KOREA,85,1973-06-14,773,50.5,UniqueLoc_305
UniqueBand_306,POP,6,12,Unique description for band 306,4,40.6,240,UniqueAlbum_306,3198,UniqueFront_306,WHITE,WHITE,FRANCE,81,1977-11-14,464,50.6,UniqueLoc_306
UniqueBand_307,PSYCHEDELIC_CLOUD_RAP,9,1,Unique description for band 307,6,40.7,206,UniqueAlbum_307,6186,UniqueFront_307,ORANGE,WHITE,SOUTH_KOREA,72,1972-11-06,635,50.7,UniqueLoc_307
UniqueBand_308,BLUES,10,17,Unique description for band 308,2,40.8,187,UniqueAlbum_308,1643,UniqueFront_308,WHITE,ORANGE,UNITED_KINGDOM,86,1988-08-12,300,50.8,UniqueLoc_308
UniqueBand_309,POST_PUNK,4,6,Unique description for band 309,5,40.9,165,UniqueAlbum_309,5600,UniqueFront_309,ORANGE,WHITE,FRANCE,74,1985-01-13,305,50.9,UniqueLoc_309
UniqueBand_310,POST_PUNK,5,17,Unique description for band 310,5,41.0,240,UniqueAlbum_310,2852,UniqueFront_310,ORANGE,ORANGE,FRANCE,64,1974-05-30,426,51.0,UniqueLoc_310
UniqueBand_311,ROCK,7,16,Unique description for band 311,5,41.1,389,UniqueAlbum_311,7036,UniqueFront_311,GREEN,GREEN,NORTH_KOREA,66,1995-05-26,443,51.1,UniqueLoc_311
UniqueBand_312,BLUES,5,6,Unique description for band 312,7,41.2,245,UniqueAlbum_312,7636,UniqueFront_312,GREEN,GREEN,SOUTH_KOREA,82,1972-05-02,177,51.2,UniqueLoc_312
UniqueBand_313,BLUES,2,6,Unique description for band 313,4,41.3,307,UniqueAlbum_313,7074,UniqueFront_313,WHITE,GREEN,NORTH_KOREA,70,1972-06-04,886,51.3,UniqueLoc_313
UniqueBand_314,ROCK,2,19,Unique description for band 314,2,41.4,375,UniqueAlbum_314,2186,UniqueFront_314,WHITE,ORANGE,FRANCE,84,1995-06-14,833,51.4,UniqueLoc_314
UniqueBand_315,BLUES,3,11,Unique description for band 315,6,41.5,299,UniqueAlbum_315,7602,UniqueFront_315,GREEN,WHITE,SOUTH_KOREA,86,1988-11-05,802,51.5,UniqueLoc_315
UniqueBand_316,POP,7,9,Unique description for band 316,15,41.6,294,UniqueAlbum_316,2413,UniqueFront_316,GREEN,GREEN,FRANCE,83,1971-02-12,230,51.6,UniqueLoc_316
UniqueBand_317,BLUES,10,20,Unique description for band 317,3,41.7,417,UniqueAlbum_317,8658,UniqueFront_317,WHITE,ORANGE,NORTH_KOREA,61,1995-12-06,641,51.7,UniqueLoc_317
UniqueBand_318,BLUES,2,20,Unique description for band 318,11,41.8,352,UniqueAlbum_318,3450,UniqueFront_318,GREEN,ORANGE,FRANCE,83,1989-05-20,632,51.8,UniqueLoc_318
UniqueBand_319,POST_PUNK,6,10,Unique description for band 319,4,41.9,322,UniqueAlbum_319,9353,UniqueFront_319,ORANGE,ORANGE,NORTH_KOREA,82,1993-06-23,696,51.9,UniqueLoc_319
UniqueBand_320,POP,2,6,Unique description for band 320,9,42.0,319,UniqueAlbum_320,8879,UniqueFront_320,ORANGE,ORANGE,SOUTH_KOREA,69,1996-12-16,751,52.0,UniqueLoc_320
UniqueBand_321,POST_PUNK,5,3,Unique description for band 321,10,42.1,275,UniqueAlbum_321,9270,UniqueFront_321,ORANGE,WHITE,NORTH_KOREA,77,1986-05-23,595,52.1,UniqueLoc_321
UniqueBand_322,POP,8,11,Unique description for band 322,4,42.2,340,UniqueAlbum_322,7816,UniqueFront_322,GREEN,ORANGE,NORTH_KOREA,66,1980-09-08,212,52.2,UniqueLoc_322
UniqueBand_323,ROCK,6,17,Unique description for band 323,4,42.3,417,UniqueAlbum_323,8479,UniqueFront_323,GREEN,ORANGE,NORTH_KOREA,68,1985-02-22,170,52.3,UniqueLoc_323
UniqueBand_324,ROCK,2,3,Unique description for band 324,8,42.4,194,UniqueAlbum_324,1035,UniqueFront_324,GREEN,GREEN,UNITED_KINGDOM,72,1993-05-13,917,52.4,UniqueLoc_324
UniqueBand_325,ROCK,2,16,Unique description for band 325,3,42.5,386,UniqueAlbum_325,6351,UniqueFront_325,ORANGE,WHITE,NORTH_KOREA,89,1990-03-13,300,52.5,UniqueLoc_325
UniqueBand_326,BLUES,9,8,Unique description for band 326,12,42.6,170,UniqueAlbum_326,9673,UniqueFront_326,GREEN,GREEN,NORTH_KOREA,88,1982-07-18,292,52.6,UniqueLoc_326
UniqueBand_327,BLUES,10,16,Unique description for band 327,8,42.7,391,UniqueAlbum_327,5454,UniqueFront_327,WHITE,WHITE,NORTH_KOREA,87,1992-05-04,264,52.7,UniqueLoc_327
UniqueBand_328,ROCK,10,18,Unique description for band 328,9,42.8,301,UniqueAlbum_328,9910,UniqueFront_328,ORANGE,ORANGE,FRANCE,71,1980-04-23,863,52.8,UniqueLoc_328
UniqueBand_329,PSYCHEDELIC_CLOUD_RAP,6,18,Unique description for band 329,4,42.9,217,UniqueAlbum_329,8146,UniqueFront_329,ORANGE,WHITE,FRANCE,83,1973-05-10,599,52.9,UniqueLoc_329
UniqueBand_330,ROCK,3,3,Unique description for band 330,4,43.0,372,UniqueAlbum_330,9100,UniqueFront_330,WHITE,ORANGE,SOUTH_KOREA,88,1981-09-10,543,53.0,UniqueLoc_330
UniqueBand_331,BLUES,7,19,Unique description for band 331,2,43.1,238,UniqueAlbum_331,2870,UniqueFront_331,WHITE,GREEN,UNITED_KINGDOM,74,1989-03-01,955,53.1,UniqueLoc_331
UniqueBand_332,PSYCHEDELIC_CLOUD_RAP,4,20,Unique description for band 332,8,43.2,438,UniqueAlbum_332,8029,UniqueFront_332,WHITE,WHITE,NORTH_KOREA,70,1993-10-06,729,53.2,UniqueLoc_332
UniqueBand_333,BLUES,7,7,Unique description for band 333,11,43.3,435,UniqueAlbum_333,3655,UniqueFront_333,GREEN,ORANGE,NORTH_KOREA,60,1995-06-28,760,53.3,UniqueLoc_333
UniqueBand_334,POP,6,19,Unique description for band 334,5,43.4,180,UniqueAlbum_334,6550,UniqueFront_334,WHITE,ORANGE,UNITED_KINGDOM,66,1979-10-20,368,53.4,UniqueLoc_334
UniqueBand_335,POP,7,19,Unique description for band 335,3,43.5,198,UniqueAlbum_335,8315,UniqueFront_335,ORANGE,GREEN,NORTH_KOREA,69,1980-05-02,969,53.5,UniqueLoc_335
UniqueBand_336,ROCK,7,15,Unique description for band 336,15,43.6,160,UniqueAlbum_336,2128,UniqueFront_336,GREEN,WHITE,FRANCE,75,1983-05-24,124,53.6,UniqueLoc_336
UniqueBand_337,PSYCHEDELIC_CLOUD_RAP,2,4,Unique description for band 337,8,43.7,249,UniqueAlbum_337,2922,UniqueFront_337,ORANGE,WHITE,FRANCE,79,1973-01-23,743,53.7,UniqueLoc_337
UniqueBand_338,POP,8,12,Unique description for band 338,9,43.8,243,UniqueAlbum_338,4309,UniqueFront_338,ORANGE,GREEN,UNITED_KINGDOM,75,1980-01-18,792,53.8,UniqueLoc_338
UniqueBand_339,POST_PUNK,10,5,Unique description for band 339,1,43.9,202,UniqueAlbum_339,1981,UniqueFront_339,WHITE,ORANGE,UNITED_KINGDOM,89,1980-01-02,433,53.9,UniqueLoc_339
UniqueBand_340,BLUES,3,14,Unique description for band 340,3,44.0,175,UniqueAlbum_340,8656,UniqueFront_340,WHITE,ORANGE,UNITED_KINGDOM,67,1993-03-25,167,54.0,UniqueLoc_340
UniqueBand_341,PSYCHEDELIC_CLOUD_RAP,5,12,Unique description for band 341,13,44.1,123,UniqueAlbum_341,2458,UniqueFront_341,ORANGE,GREEN,UNITED_KINGDOM,83,1985-07-11,951,54.1,UniqueLoc_341
UniqueBand_342,BLUES,9,8,Unique description for band 342,3,44.2,221,UniqueAlbum_342,2968,UniqueFront_342,ORANGE,GREEN,NORTH_KOREA,86,1986-02-20,210,54.2,UniqueLoc_342
UniqueBand_343,POP,7,17,Unique description for band 343,15,44.3,171,UniqueAlbum_343,4267,UniqueFront_343,WHITE,ORANGE,SOUTH_KOREA,74,1972-07-07,626,54.3,UniqueLoc_343
UniqueBand_344,POST_PUNK,6,7,Unique description for band 344,13,44.4,102,UniqueAlbum_344,1633,UniqueFront_344,GREEN,GREEN,SOUTH_KOREA,62,1971-09-09,315,54.4,UniqueLoc_344
UniqueBand_345,BLUES,9,19,Unique description for band 345,8,44.5,354,UniqueAlbum_345,4737,UniqueFront_345,WHITE,WHITE,FRANCE,79,1984-06-23,279,54.5,UniqueLoc_345
UniqueBand_346,ROCK,6,18,Unique description for band 346,1,44.6,193,UniqueAlbum_346,1788,UniqueFront_346,WHITE,WHITE,FRANCE,79,1991-09-18,231,54.6,UniqueLoc_346
UniqueBand_347,POP,4,19,Unique description for band 347,3,44.7,295,UniqueAlbum_347,1636,UniqueFront_347,WHITE,WHITE,UNITED_KINGDOM,84,1986-10-11,142,54.7,UniqueLoc_347
UniqueBand_348,ROCK,9,7,Unique description for band 348,13,44.8,334,UniqueAlbum_348,4751,UniqueFront_348,ORANGE,ORANGE,UNITED_KINGDOM,69,1984-03-28,122,54.8,UniqueLoc_348
UniqueBand_349,PSYCHEDELIC_CLOUD_RAP,6,14,Unique description for band 349,11,44.9,109,UniqueAlbum_349,7750,UniqueFront_349,ORANGE,GREEN,UNITED_KINGDOM,79,1977-05-29,845,54.9,UniqueLoc_349
UniqueBand_350,PSYCHEDELIC_CLOUD_RAP,9,4,Unique description for band 350,13,45.0,421,UniqueAlbum_350,5681,UniqueFront_350,WHITE,GREEN,NORTH_KOREA,80,1986-03-26,884,55.0,UniqueLoc_350
UniqueBand_351,POST_PUNK,7,12,Unique description for band 351,5,45.1,283,UniqueAlbum_351,9609,UniqueFront_351,WHITE,GREEN,NORTH_KOREA,62,1990-07-27,936,55.1,UniqueLoc_351
UniqueBand_352,POST_PUNK,9,12,Unique description for band 352,3,45.2,347,UniqueAlbum_352,8600,UniqueFront_352,ORANGE,ORANGE,FRANCE,85,1978-06-08,263,55.2,UniqueLoc_352
UniqueBand_353,ROCK,5,5,Unique description for band 353,3,45.3,131,UniqueAlbum_353,4219,UniqueFront_353,GREEN,GREEN,UNITED_KINGDOM,74,1990-07-14,295,55.3,UniqueLoc_353
UniqueBand_354,BLUES,5,16,Unique description for band 354,7,45.4,346,UniqueAlbum_354,2059,UniqueFront_354,WHITE,ORANGE,SOUTH_KOREA,77,1989-07-08,244,55.4,UniqueLoc_354
UniqueBand_355,ROCK,5,10,Unique description for band 355,13,45.5,323,UniqueAlbum_355,8501,UniqueFront_355,GREEN,GREEN,UNITED_KINGDOM,74,1985-08-31,910,55.5,UniqueLoc_355
UniqueBand_356,ROCK,3,19,Unique description for band 356,1,45.6,275,UniqueAlbum_356,6997,UniqueFront_356,WHITE,ORANGE,FRANCE,86,1996-02-22,299,55.6,UniqueLoc_356
UniqueBand_357,BLUES,3,10,Unique description for band 357,7,45.7,421,UniqueAlbum_357,1241,UniqueFront_357,GREEN,GREEN,FRANCE,76,1972-05-11,704,55.7,UniqueLoc_357
UniqueBand_358,BLUES,10,5,Unique description for band 358,8,45.8,336,UniqueAlbum_358,2153,UniqueFront_358,WHITE,WHITE,UNITED_KINGDOM,84,1975-01-09,938,55.8,UniqueLoc_358
UniqueBand_359,POST_PUNK,3,20,Unique description for band 359,4,45.9,350,UniqueAlbum_359,3492,UniqueFront_359,ORANGE,WHITE,UNITED_KINGDOM,88,1971-02-23,533,55.9,UniqueLoc_359
UniqueBand_360,POP,7,10,Unique description for band 360,1,46.0,254,UniqueAlbum_360,3256,UniqueFront_360,ORANGE,GREEN,NORTH_KOREA,70,1976-07-03,767,56.0,UniqueLoc_360
UniqueBand_361,BLUES,2,14,Unique description for band 361,9,46.1,270,UniqueAlbum_361,6533,UniqueFront_361,ORANGE,ORANGE,SOUTH_KOREA,72,1989-12-23,694,56.1,UniqueLoc_361
UniqueBand_362,BLUES,8,3,Unique description for band 362,2,46.2,176,UniqueAlbum_362,3052,UniqueFront_362,GREEN,WHITE,FRANCE,60,1981-02-08,217,56.2,UniqueLoc_362
UniqueBand_363,BLUES,6,1,Unique description for band 363,8,46.3,233,UniqueAlbum_363,6088,UniqueFront_363,ORANGE,WHITE,UNITED_KINGDOM,72,1973-03-17,610,56.3,UniqueLoc_363
UniqueBand_364,PSYCHEDELIC_CLOUD_RAP,6,17,Unique description for band 364,6,46.4,426,UniqueAlbum_364,9418,UniqueFront_364,ORANGE,ORANGE,UNITED_KINGDOM,60,1991-03-06,622,56.4,UniqueLoc_364
UniqueBand_365,POST_PUNK,3,9,Unique description for band 365,9,46.5,150,UniqueAlbum_365,7775,UniqueFront_365,WHITE,ORANGE,FRANCE,89,1981-05-31,187,56.5,UniqueLoc_365
UniqueBand_366,POP,8,4,Unique description for band 366,13,46.6,394,UniqueAlbum_366,7634,UniqueFront_366,WHITE,ORANGE,NORTH_KOREA,66,1993-10-18,590,56.6,UniqueLoc_366
UniqueBand_367,POP,4,2,Unique description for band 367,9,46.7,297,UniqueAlbum_367,4556,UniqueFront_367,ORANGE,ORANGE,FRANCE,84,1984-03-04,712,56.7,UniqueLoc_367
UniqueBand_368,ROCK,6,14,Unique description for band 368,2,46.8,354,UniqueAlbum_368,4321,UniqueFront_368,GREEN,WHITE,UNITED_KINGDOM,82,1973-11-04,968,56.8,UniqueLoc_368
UniqueBand_369,BLUES,4,14,Unique description for band 369,4,46.9,428,UniqueAlbum_369,4878,UniqueFront_369,GREEN,WHITE,NORTH_KOREA,71,1994-02-19,631,56.9,UniqueLoc_369
UniqueBand_370,POST_PUNK,5,10,Unique description for band 370,11,47.0,227,UniqueAlbum_370,1356,UniqueFront_370,GREEN,GREEN,FRANCE,65,1987-10-10,626,57.0,UniqueLoc_370
UniqueBand_371,POP,8,19,Unique description for band 371,6,47.1,402,UniqueAlbum_371,7042,UniqueFront_371,GREEN,ORANGE,SOUTH_KOREA,63,1988-09-18,428,57.1,UniqueLoc_371
UniqueBand_372,POST_PUNK,7,4,Unique description for band 372,6,47.2,291,UniqueAlbum_372,9124,UniqueFront_372,GREEN,WHITE,UNITED_KINGDOM,76,1994-08-27,910,57.2,UniqueLoc_372
UniqueBand_373,POP,8,3,Unique description for band 373,14,47.3,193,UniqueAlbum_373,9343,UniqueFront_373,ORANGE,WHITE,FRANCE,73,1983-02-16,807,57.3,UniqueLoc_373
UniqueBand_374,ROCK,6,13,Unique description for band 374,8,47.4,393,UniqueAlbum_374,7384,UniqueFront_374,GREEN,WHITE,UNITED_KINGDOM,74,1981-02-18,557,57.4,UniqueLoc_374
UniqueBand_375,ROCK,4,5,Unique description for band 375,1,47.5,201,UniqueAlbum_375,4330,UniqueFront_375,ORANGE,WHITE,SOUTH_KOREA,63,1995-07-26,351,57.5,UniqueLoc_375
UniqueBand_376,BLUES,4,7,Unique description for band 376,15,47.6,284,UniqueAlbum_376,4606,UniqueFront_376,ORANGE,ORANGE,FRANCE,67,1970-12-11,735,57.6,UniqueLoc_376
UniqueBand_377,POP,9,7,Unique description for band 377,15,47.7,213,UniqueAlbum_377,9668,UniqueFront_377,WHITE,WHITE,NORTH_KOREA,78,1983-05-11,458,57.7,UniqueLoc_377
UniqueBand_378,POP,9,11,Unique description for band 378,13,47.8,332,UniqueAlbum_378,3185,UniqueFront_378,ORANGE,ORANGE,FRANCE,81,1979-02-14,144,57.8,UniqueLoc_378
UniqueBand_379,POP,8,13,Unique description for band 379,15,47.9,116,UniqueAlbum_379,8038,UniqueFront_379,WHITE,GREEN,FRANCE,69,1995-09-22,864,57.9,UniqueLoc_379
UniqueBand_380,PSYCHEDELIC_CLOUD_RAP,8,6,Unique description for band 380,11,48.0,439,UniqueAlbum_380,9425,UniqueFront_380,GREEN,ORANGE,NORTH_KOREA,81,1995-06-18,580,58.0,UniqueLoc_380
UniqueBand_381,ROCK,3,7,Unique description for band 381,14,48.1,412,UniqueAlbum_381,9174,UniqueFront_381,WHITE,WHITE,FRANCE,86,1971-09-29,548,58.1,UniqueLoc_381
UniqueBand_382,BLUES,10,12,Unique description for band 382,5,48.2,319,UniqueAlbum_382,6358,UniqueFront_382,ORANGE,ORANGE,SOUTH_KOREA,88,1971-08-05,215,58.2,UniqueLoc_382
UniqueBand_383,POST_PUNK,10,18,Unique description for band 383,9,48.3,374,UniqueAlbum_383,1602,UniqueFront_383,GREEN,WHITE,FRANCE,80,1977-03-23,681,58.3,UniqueLoc_383
UniqueBand_384,POST_PUNK,8,8,Unique description for band 384,10,48.4,211,UniqueAlbum_384,4879,UniqueFront_384,GREEN,GREEN,FRANCE,79,1991-06-19,133,58.4,UniqueLoc_384
UniqueBand_385,PSYCHEDELIC_CLOUD_RAP,8,4,Unique description for band 385,15,48.5,300,UniqueAlbum_385,7105,UniqueFront_385,ORANGE,ORANGE,UNITED_KINGDOM,88,1974-09-21,536,58.5,UniqueLoc_385
UniqueBand_386,BLUES,9,13,Unique description for band 386,4,48.6,246,UniqueAlbum_386,1758,UniqueFront_386,GREEN,ORANGE,SOUTH_KOREA,82,1987-03-01,164,58.6,UniqueLoc_386
UniqueBand_387,POST_PUNK,6,9,Unique description for band 387,3,48.7,310,UniqueAlbum_387,3480,UniqueFront_387,ORANGE,WHITE,UNITED_KINGDOM,73,1993-07-19,542,58.7,UniqueLoc_387
UniqueBand_388,ROCK,4,5,Unique description for band 388,1,48.8,294,UniqueAlbum_388,3122,UniqueFront_388,GREEN,GREEN,NORTH_KOREA,77,1982-12-26,797,58.8,UniqueLoc_388
UniqueBand_389,POST_PUNK,7,11,Unique description for band 389,14,48.9,178,UniqueAlbum_389,1815,UniqueFront_389,WHITE,ORANGE,FRANCE,84,1995-02-21,915,58.9,UniqueLoc_389
UniqueBand_390,POP,5,1,Unique description for band 390,9,49.0,423,UniqueAlbum_390,9097,UniqueFront_390,GREEN,ORANGE,SOUTH_KOREA,77,1987-05-27,245,59.0,UniqueLoc_390
UniqueBand_391,ROCK,8,20,Unique description for band 391,1,49.1,439,UniqueAlbum_391,9912,UniqueFront_391,WHITE,GREEN,SOUTH_KOREA,71,1978-03-26,703,59.1,UniqueLoc_391
UniqueBand_392,POP,7,19,Unique description for band 392,12,49.2,201,UniqueAlbum_392,3056,UniqueFront_392,ORANGE,WHITE,UNITED_KINGDOM,78,1975-05-08,853,59.2,UniqueLoc_392
UniqueBand_393,POST_PUNK,9,19,Unique description for band 393,10,49.3,122,UniqueAlbum_393,8907,UniqueFront_393,WHITE,ORANGE,FRANCE,77,1972-12-02,804,59.3,UniqueLoc_393
UniqueBand_394,POP,5,1,Unique description for band 394,6,49.4,407,UniqueAlbum_394,8301,UniqueFront_394,GREEN,GREEN,SOUTH_KOREA,87,1995-03-05,878,59.4,UniqueLoc_394
UniqueBand_395,POST_PUNK,9,10,Unique description for band 395,14,49.5,426,UniqueAlbum_395,7167,UniqueFront_395,GREEN,GREEN,SOUTH_KOREA,68,1994-06-24,460,59.5,UniqueLoc_395
UniqueBand_396,BLUES,4,13,Unique description for band 396,13,49.6,411,UniqueAlbum_396,3092,UniqueFront_396,ORANGE,GREEN,SOUTH_KOREA,63,1976-02-28,483,59.6,UniqueLoc_396
UniqueBand_397,ROCK,3,3,Unique description for band 397,2,49.7,134,UniqueAlbum_397,8736,UniqueFront_397,WHITE,WHITE,SOUTH_KOREA,78,1970-01-25,720,59.7,UniqueLoc_397
UniqueBand_398,POP,8,7,Unique description for band 398,12,49.8,287,UniqueAlbum_398,9824,UniqueFront_398,ORANGE,GREEN,FRANCE,68,1971-08-20,291,59.8,UniqueLoc_398
UniqueBand_399,BLUES,9,4,Unique description for band 399,1,49.9,246,UniqueAlbum_399,9512,UniqueFront_399,WHITE,ORANGE,FRANCE,87,1982-10-31,299,59.9,UniqueLoc_399
UniqueBand_400,POST_PUNK,7,2,Unique description for band 400,3,50.0,400,UniqueAlbum_400,6114,UniqueFront_400,ORANGE,GREEN,FRANCE,85,1975-09-14,185,60.0,UniqueLoc_400
UniqueBand_401,ROCK,9,4,Unique description for band 401,6,50.1,160,UniqueAlbum_401,3088,UniqueFront_401,ORANGE,WHITE,SOUTH_KOREA,84,1982-08-22,332,60.1,UniqueLoc_401
UniqueBand_402,BLUES,8,2,Unique description for band 402,15,50.2,134,UniqueAlbum_402,6652,UniqueFront_402,ORANGE,GREEN,FRANCE,68,1992-01-13,105,60.2,UniqueLoc_402
UniqueBand_403,POST_PUNK,7,15,Unique description for band 403,15,50.3,450,UniqueAlbum_403,8895,UniqueFront_403,GREEN,ORANGE,NORTH_KOREA,80,1996-08-13,176,60.3,UniqueLoc_403
UniqueBand_404,POST_PUNK,10,12,Unique description for band 404,14,50.4,121,UniqueAlbum_404,2038,UniqueFront_404,ORANGE,WHITE,UNITED_KINGDOM,68,1984-07-07,468,60.4,UniqueLoc_404
UniqueBand_405,BLUES,10,9,Unique description for band 405,1,50.5,114,UniqueAlbum_405,8535,UniqueFront_405,WHITE,ORANGE,UNITED_KINGDOM,64,1983-06-30,792,60.5,UniqueLoc_405
UniqueBand_406,PSYCHEDELIC_CLOUD_RAP,3,6,Unique description for band 406,3,50.6,256,UniqueAlbum_406,9015,UniqueFront_406,ORANGE,WHITE,UNITED_KINGDOM,85,1983-03-31,497,60.6,UniqueLoc_406
UniqueBand_407,BLUES,10,7,Unique description for band 407,12,50.7,242,UniqueAlbum_407,5523,UniqueFront_407,WHITE,ORANGE,UNITED_KINGDOM,86,1990-08-04,984,60.7,UniqueLoc_407
UniqueBand_408,PSYCHEDELIC_CLOUD_RAP,4,9,Unique description for band 408,7,50.8,402,UniqueAlbum_408,5849,UniqueFront_408,GREEN,WHITE,UNITED_KINGDOM,78,1981-05-08,925,60.8,UniqueLoc_408
UniqueBand_409,BLUES,5,15,Unique description for band 409,14,50.9,274,UniqueAlbum_409,8405,UniqueFront_409,GREEN,GREEN,NORTH_KOREA,71,1984-01-03,164,60.9,UniqueLoc_409
UniqueBand_410,POP,3,18,Unique description for band 410,13,51.0,284,UniqueAlbum_410,5942,UniqueFront_410,WHITE,ORANGE,UNITED_KINGDOM,72,1972-06-26,765,61.0,UniqueLoc_410
UniqueBand_411,ROCK,8,7,Unique description for band 411,12,51.1,363,UniqueAlbum_411,6362,UniqueFront_411,WHITE,GREEN,UNITED_KINGDOM,85,1981-10-26,626,61.1,UniqueLoc_411
UniqueBand_412,POST_PUNK,4,7,Unique description for band 412,3,51.2,403,UniqueAlbum_412,4106,UniqueFront_412,WHITE,ORANGE,SOUTH_KOREA,60,1996-06-13,455,61.2,UniqueLoc_412
UniqueBand_413,BLUES,3,10,Unique description for band 413,3,51.3,145,UniqueAlbum_413,7029,UniqueFront_413,WHITE,WHITE,FRANCE,89,1984-10-28,817,61.3,UniqueLoc_413
UniqueBand_414,POST_PUNK,9,15,Unique description for band 414,13,51.4,368,UniqueAlbum_414,5654,UniqueFront_414,GREEN,ORANGE,FRANCE,67,1990-04-08,100,61.4,UniqueLoc_414
UniqueBand_415,POP,7,19,Unique description for band 415,10,51.5,249,UniqueAlbum_415,9633,UniqueFront_415,WHITE,WHITE,UNITED_KINGDOM,84,1971-08-24,683,61.5,UniqueLoc_415
UniqueBand_416,ROCK,3,2,Unique description for band 416,5,51.6,363,UniqueAlbum_416,6655,UniqueFront_416,ORANGE,WHITE,FRANCE,89,1982-11-30,751,61.6,UniqueLoc_416
UniqueBand_417,PSYCHEDELIC_CLOUD_RAP,8,3,Unique description for band 417,13,51.7,111,UniqueAlbum_417,2952,UniqueFront_417,GREEN,ORANGE,FRANCE,90,1983-10-15,291,61.7,UniqueLoc_417
UniqueBand_418,POST_PUNK,2,1,Unique description for band 418,9,51.8,375,UniqueAlbum_418,5422,UniqueFront_418,ORANGE,GREEN,SOUTH_KOREA,66,1992-11-08,825,61.8,UniqueLoc_418
UniqueBand_419,PSYCHEDELIC_CLOUD_RAP,5,10,Unique description for band 419,15,51.9,421,UniqueAlbum_419,4192,UniqueFront_419,ORANGE,GREEN,FRANCE,73,1996-12-09,454,61.9,UniqueLoc_419
UniqueBand_420,BLUES,8,7,Unique description for band 420,11,52.0,250,UniqueAlbum_420,2513,UniqueFront_420,GREEN,ORANGE,NORTH_KOREA,64,1970-01-26,972,62.0,UniqueLoc_420
UniqueBand_421,POST_PUNK,8,18,Unique description for band 421,11,52.1,411,UniqueAlbum_421,5376,UniqueFront_421,GREEN,ORANGE,UNITED_KINGDOM,68,1989-07-18,366,62.1,UniqueLoc_421
UniqueBand_422,ROCK,2,2,Unique description for band 422,15,52.2,374,UniqueAlbum_422,7840,UniqueFront_422,ORANGE,WHITE,FRANCE,71,1977-03-04,821,62.2,UniqueLoc_422
UniqueBand_423,POST_PUNK,5,13,Unique description for band 423,7,52.3,292,UniqueAlbum_423,5067,UniqueFront_423,ORANGE,ORANGE,SOUTH_KOREA,81,1991-08-24,901,62.3,UniqueLoc_423
UniqueBand_424,POP,2,15,Unique description for band 424,5,52.4,209,UniqueAlbum_424,3201,UniqueFront_424,GREEN,GREEN,FRANCE,90,1994-08-08,289,62.4,UniqueLoc_424
UniqueBand_425,POP,3,4,Unique description for band 425,2,52.5,207,UniqueAlbum_425,6150,UniqueFront_425,ORANGE,WHITE,FRANCE,63,1988-03-10,188,62.5,UniqueLoc_425
UniqueBand_426,POP,3,2,Unique description for band 426,11,52.6,338,UniqueAlbum_426,7254,UniqueFront_426,ORANGE,WHITE,NORTH_KOREA,80,1970-11-16,566,62.6,UniqueLoc_426
UniqueBand_427,POST_PUNK,4,7,Unique description for band 427,9,52.7,210,UniqueAlbum_427,8579,UniqueFront_427,GREEN,WHITE,FRANCE,60,1987-06-08,989,62.7,UniqueLoc_427
UniqueBand_428,PSYCHEDELIC_CLOUD_RAP,4,14,Unique description for band 428,9,52.8,192,UniqueAlbum_428,8227,UniqueFront_428,WHITE,ORANGE,FRANCE,66,1977-10-25,795,62.8,UniqueLoc_428
UniqueBand_429,ROCK,7,7,Unique description for band 429,14,52.9,291,UniqueAlbum_429,6374,UniqueFront_429,WHITE,WHITE,NORTH_KOREA,77,1994-06-12,612,62.9,UniqueLoc_429
UniqueBand_430,ROCK,3,20,Unique description for band 430,1,53.0,220,UniqueAlbum_430,3019,UniqueFront_430,WHITE,WHITE,SOUTH_KOREA,86,1981-02-13,935,63.0,UniqueLoc_430
UniqueBand_431,ROCK,3,14,Unique description for band 431,14,53.1,162,UniqueAlbum_431,1507,UniqueFront_431,WHITE,ORANGE,FRANCE,81,1973-12-23,737,63.1,UniqueLoc_431
UniqueBand_432,PSYCHEDELIC_CLOUD_RAP,8,14,Unique description for band 432,11,53.2,395,UniqueAlbum_432,5057,UniqueFront_432,GREEN,ORANGE,NORTH_KOREA,65,1990-11-05,105,63.2,UniqueLoc_432
UniqueBand_433,PSYCHEDELIC_CLOUD_RAP,3,19,Unique description for band 433,6,53.3,128,UniqueAlbum_433,5184,UniqueFront_433,ORANGE,ORANGE,NORTH_KOREA,64,1992-06-07,584,63.3,UniqueLoc_433
UniqueBand_434,BLUES,10,1,Unique description for band 434,4,53.4,235,UniqueAlbum_434,1448,UniqueFront_434,WHITE,ORANGE,UNITED_KINGDOM,73,1980-11-09,658,63.4,UniqueLoc_434
UniqueBand_435,POST_PUNK,10,18,Unique description for band 435,7,53.5,116,UniqueAlbum_435,1003,UniqueFront_435,GREEN,GREEN,FRANCE,64,1975-05-09,399,63.5,UniqueLoc_435
UniqueBand_436,ROCK,8,13,Unique description for band 436,2,53.6,279,UniqueAlbum_436,4322,UniqueFront_436,ORANGE,WHITE,UNITED_KINGDOM,64,1970-02-08,784,63.6,UniqueLoc_436
UniqueBand_437,POP,3,18,Unique description for band 437,2,53.7,235,UniqueAlbum_437,1060,UniqueFront_437,ORANGE,ORANGE,SOUTH_KOREA,69,1972-10-19,430,63.7,UniqueLoc_437
UniqueBand_438,BLUES,5,6,Unique description for band 438,4,53.8,437,UniqueAlbum_438,2081,UniqueFront_438,ORANGE,ORANGE,UNITED_KINGDOM,84,1973-01-16,149,63.8,UniqueLoc_438
UniqueBand_439,ROCK,3,3,Unique description for band 439,4,53.9,331,UniqueAlbum_439,9350,UniqueFront_439,GREEN,WHITE,UNITED_KINGDOM,84,1989-03-19,757,63.9,UniqueLoc_439
UniqueBand_440,POP,9,15,Unique description for band 440,10,54.0,262,UniqueAlbum_440,6231,UniqueFront_440,GREEN,WHITE,FRANCE,81,1988-12-08,858,64.0,UniqueLoc_440
UniqueBand_441,PSYCHEDELIC_CLOUD_RAP,5,9,Unique description for band 441,1,54.1,255,UniqueAlbum_441,9490,UniqueFront_441,WHITE,ORANGE,UNITED_KINGDOM,71,1992-10-12,846,64.1,UniqueLoc_441
UniqueBand_442,POST_PUNK,2,7,Unique description for band 442,13,54.2,360,UniqueAlbum_442,1525,UniqueFront_442,ORANGE,GREEN,FRANCE,68,1995-05-02,656,64.2,UniqueLoc_442
UniqueBand_443,POST_PUNK,5,7,Unique description for band 443,4,54.3,392,UniqueAlbum_443,3043,UniqueFront_443,ORANGE,ORANGE,UNITED_KINGDOM,69,1994-07-02,638,64.3,UniqueLoc_443
UniqueBand_444,PSYCHEDELIC_CLOUD_RAP,3,14,Unique description for band 444,12,54.4,209,UniqueAlbum_444,7589,UniqueFront_444,WHITE,GREEN,FRANCE,65,1994-03-26,892,64.4,UniqueLoc_444
UniqueBand_445,POST_PUNK,7,9,Unique description for band 445,11,54.5,383,UniqueAlbum_445,5069,UniqueFront_445,WHITE,WHITE,UNITED_KINGDOM,83,1978-03-17,946,64.5,UniqueLoc_445
UniqueBand_446,POST_PUNK,6,12,Unique description for band 446,2,54.6,444,UniqueAlbum_446,8583,UniqueFront_446,WHITE,WHITE,SOUTH_KOREA,67,1981-08-24,539,64.6,UniqueLoc_446
UniqueBand_447,POP,6,20,Unique description for band 447,13,54.7,409,UniqueAlbum_447,3180,UniqueFront_447,WHITE,ORANGE,NORTH_KOREA,70,1988-09-08,882,64.7,UniqueLoc_447
UniqueBand_448,POP,4,4,Unique description for band 448,8,54.8,342,UniqueAlbum_448,1162,UniqueFront_448,WHITE,ORANGE,NORTH_KOREA,88,1994-04-22,470,64.8,UniqueLoc_448
UniqueBand_449,POST_PUNK,2,15,Unique description for band 449,13,54.9,192,UniqueAlbum_449,8780,UniqueFront_449,ORANGE,WHITE,UNITED_KINGDOM,68,1980-10-02,513,64.9,UniqueLoc_449
UniqueBand_450,POP,5,6,Unique description for band 450,9,55.0,321,UniqueAlbum_450,4441,UniqueFront_450,ORANGE,GREEN,FRANCE,74,1982-09-17,219,65.0,UniqueLoc_450
UniqueBand_451,POP,7,2,Unique description for band 451,8,55.1,201,UniqueAlbum_451,5561,UniqueFront_451,ORANGE,ORANGE,UNITED_KINGDOM,84,1994-09-12,416,65.1,UniqueLoc_451
UniqueBand_452,POP,9,2,Unique description for band 452,7,55.2,184,UniqueAlbum_452,7827,UniqueFront_452,GREEN,ORANGE,UNITED_KINGDOM,87,1975-08-12,557,65.2,UniqueLoc_452
UniqueBand_453,BLUES,3,18,Unique description for band 453,10,55.3,239,UniqueAlbum_453,6743,UniqueFront_453,GREEN,ORANGE,UNITED_KINGDOM,83,1972-09-19,204,65.3,UniqueLoc_453
UniqueBand_454,ROCK,10,11,Unique description for band 454,1,55.4,319,UniqueAlbum_454,2107,UniqueFront_454,WHITE,WHITE,UNITED_KINGDOM,71,1972-06-27,868,65.4,UniqueLoc_454
UniqueBand_455,ROCK,9,15,Unique description for band 455,5,55.5,137,UniqueAlbum_455,7960,UniqueFront_455,ORANGE,ORANGE,SOUTH_KOREA,62,1984-07-30,202,65.5,UniqueLoc_455
UniqueBand_456,POP,2,5,Unique description for band 456,9,55.6,248,UniqueAlbum_456,6279,UniqueFront_456,ORANGE,WHITE,NORTH_KOREA,79,1987-05-27,243,65.6,UniqueLoc_456
UniqueBand_457,PSYCHEDELIC_CLOUD_RAP,4,13,Unique description for band 457,3,55.7,186,UniqueAlbum_457,6335,UniqueFront_457,GREEN,GREEN,FRANCE,71,1973-09-15,478,65.7,UniqueLoc_457
UniqueBand_458,ROCK,7,6,Unique description for band 458,7,55.8,142,UniqueAlbum_458,9018,UniqueFront_458,ORANGE,GREEN,SOUTH_KOREA,90,1979-06-23,379,65.8,UniqueLoc_458
UniqueBand_459,PSYCHEDELIC_CLOUD_RAP,9,2,Unique description for band 459,11,55.9,121,UniqueAlbum_459,5786,UniqueFront_459,GREEN,WHITE,SOUTH_KOREA,76,1995-07-07,987,65.9,UniqueLoc_459
UniqueBand_460,PSYCHEDELIC_CLOUD_RAP,7,4,Unique description for band 460,13,56.0,307,UniqueAlbum_460,3059,UniqueFront_460,GREEN,GREEN,UNITED_KINGDOM,70,1992-04-02,474,66.0,UniqueLoc_460
UniqueBand_461,PSYCHEDELIC_CLOUD_RAP,9,9,Unique description for band 461,6,56.1,167,UniqueAlbum_461,5279,UniqueFront_461,ORANGE,GREEN,NORTH_KOREA,81,1976-10-04,269,66.1,UniqueLoc_461
UniqueBand_462,POP,10,4,Unique description for band 462,13,56.2,312,UniqueAlbum_462,5948,UniqueFront_462,GREEN,ORANGE,FRANCE,76,1992-07-01,292,66.2,UniqueLoc_462
UniqueBand_463,POST_PUNK,4,18,Unique description for band 463,10,56.3,355,UniqueAlbum_463,3118,UniqueFront_463,GREEN,WHITE,SOUTH_KOREA,65,1995-08-13,234,66.3,UniqueLoc_463
UniqueBand_464,POST_PUNK,6,18,Unique description for band 464,8,56.4,112,UniqueAlbum_464,9010,UniqueFront_464,ORANGE,GREEN,UNITED_KINGDOM,88,1990-09-29,557,66.4,UniqueLoc_464
UniqueBand_465,PSYCHEDELIC_CLOUD_RAP,10,7,Unique description for band 465,12,56.5,312,UniqueAlbum_465,8495,UniqueFront_465,GREEN,GREEN,UNITED_KINGDOM,80,1985-12-18,920,66.5,UniqueLoc_465
UniqueBand_466,POST_PUNK,2,6,Unique description for band 466,13,56.6,139,UniqueAlbum_466,2955,UniqueFront_466,GREEN,ORANGE,FRANCE,80,1983-07-21,444,66.6,UniqueLoc_466
UniqueBand_467,PSYCHEDELIC_CLOUD_RAP,7,16,Unique description for band 467,2,56.7,208,UniqueAlbum_467,1251,UniqueFront_467,GREEN,ORANGE,NORTH_KOREA,64,1973-06-01,198,66.7,UniqueLoc_467
UniqueBand_468,BLUES,10,5,Unique description for band 468,6,56.8,338,UniqueAlbum_468,1871,UniqueFront_468,GREEN,GREEN,NORTH_KOREA,88,1989-01-02,189,66.8,UniqueLoc_468
UniqueBand_469,POP,3,10,Unique description for band 469,10,56.9,339,UniqueAlbum_469,7885,UniqueFront_469,GREEN,WHITE,SOUTH_KOREA,65,1976-06-17,730,66.9,UniqueLoc_469
UniqueBand_470,BLUES,7,7,Unique description for band 470,5,57.0,323,UniqueAlbum_470,3532,UniqueFront_470,GREEN,ORANGE,NORTH_KOREA,65,1976-12-04,338,67.0,UniqueLoc_470
UniqueBand_471,ROCK,6,19,Unique description for band 471,13,57.1,108,UniqueAlbum_471,6677,UniqueFront_471,WHITE,ORANGE,NORTH_KOREA,71,1993-10-21,186,67.1,UniqueLoc_471
UniqueBand_472,POST_PUNK,10,8,Unique description for band 472,5,57.2,103,UniqueAlbum_472,6581,UniqueFront_472,ORANGE,GREEN,NORTH_KOREA,75,1987-06-19,939,67.2,UniqueLoc_472
UniqueBand_473,BLUES,2,4,Unique description for band 473,6,57.3,330,UniqueAlbum_473,1700,UniqueFront_473,WHITE,GREEN,UNITED_KINGDOM,72,1983-05-12,558,67.3,UniqueLoc_473
UniqueBand_474,PSYCHEDELIC_CLOUD_RAP,10,2,Unique description for band 474,10,57.4,165,UniqueAlbum_474,6857,UniqueFront_474,ORANGE,ORANGE,UNITED_KINGDOM,83,1988-03-15,407,67.4,UniqueLoc_474
UniqueBand_475,BLUES,6,20,Unique description for band 475,7,57.5,361,UniqueAlbum_475,3273,UniqueFront_475,GREEN,WHITE,UNITED_KINGDOM,86,1970-02-24,887,67.5,UniqueLoc_475
UniqueBand_476,ROCK,9,12,Unique description for band 476,3,57.6,168,UniqueAlbum_476,3612,UniqueFront_476,GREEN,WHITE,FRANCE,64,1974-08-21,324,67.6,UniqueLoc_476
UniqueBand_477,PSYCHEDELIC_CLOUD_RAP,7,4,Unique description for band 477,4,57.7,375,UniqueAlbum_477,3301,UniqueFront_477,GREEN,ORANGE,UNITED_KINGDOM,63,1974-03-13,759,67.7,UniqueLoc_477
UniqueBand_478,POST_PUNK,3,12,Unique description for band 478,8,57.8,439,UniqueAlbum_478,2476,UniqueFront_478,GREEN,GREEN,FRANCE,81,1986-05-19,236,67.8,UniqueLoc_478
UniqueBand_479,POP,9,9,Unique description for band 479,14,57.9,432,UniqueAlbum_479,5716,UniqueFront_479,GREEN,WHITE,UNITED_KINGDOM,72,1991-02-07,217,67.9,UniqueLoc_479
UniqueBand_480,POST_PUNK,7,13,Unique description for band 480,14,58.0,309,UniqueAlbum_480,6497,UniqueFront_480,WHITE,ORANGE,SOUTH_KOREA,64,1980-04-07,771,68.0,UniqueLoc_480
UniqueBand_481,PSYCHEDELIC_CLOUD_RAP,2,8,Unique description for band 481,13,58.1,274,UniqueAlbum_481,2178,UniqueFront_481,ORANGE,GREEN,UNITED_KINGDOM,72,1976-08-04,532,68.1,UniqueLoc_481
UniqueBand_482,POP,10,2,Unique description for band 482,12,58.2,241,UniqueAlbum_482,2440,UniqueFront_482,WHITE,ORANGE,NORTH_KOREA,77,1983-11-17,300,68.2,UniqueLoc_482
UniqueBand_483,BLUES,5,13,Unique description for band 483,5,58.3,328,UniqueAlbum_483,8416,UniqueFront_483,GREEN,WHITE,FRANCE,80,1984-02-28,485,68.3,UniqueLoc_483
UniqueBand_484,POP,7,5,Unique description for band 484,4,58.4,302,UniqueAlbum_484,1703,UniqueFront_484,WHITE,WHITE,SOUTH_KOREA,74,1985-07-19,942,68.4,UniqueLoc_484
UniqueBand_485,POST_PUNK,4,5,Unique description for band 485,2,58.5,335,UniqueAlbum_485,1525,UniqueFront_485,ORANGE,ORANGE,SOUTH_KOREA,74,1977-03-16,814,68.5,UniqueLoc_485
UniqueBand_486,POST_PUNK,6,6,Unique description for band 486,14,58.6,328,UniqueAlbum_486,4664,UniqueFront_486,WHITE,WHITE,FRANCE,70,1995-01-08,872,68.6,UniqueLoc_486
UniqueBand_487,ROCK,3,2,Unique description for band 487,1,58.7,406,UniqueAlbum_487,9128,UniqueFront_487,GREEN,ORANGE,NORTH_KOREA,86,1971-08-16,629,68.7,UniqueLoc_487
UniqueBand_488,POP,8,3,Unique description for band 488,6,58.8,266,UniqueAlbum_488,9148,UniqueFront_488,GREEN,ORANGE,NORTH_KOREA,71,1978-02-07,264,68.8,UniqueLoc_488
UniqueBand_489,POST_PUNK,3,10,Unique description for band 489,15,58.9,375,UniqueAlbum_489,8508,UniqueFront_489,GREEN,WHITE,SOUTH_KOREA,61,1971-01-12,477,68.9,UniqueLoc_489
UniqueBand_490,POST_PUNK,7,3,Unique description for band 490,7,59.0,370,UniqueAlbum_490,2626,UniqueFront_490,GREEN,GREEN,FRANCE,78,1996-03-10,846,69.0,UniqueLoc_490
UniqueBand_491,BLUES,6,15,Unique description for band 491,14,59.1,309,UniqueAlbum_491,6362,UniqueFront_491,GREEN,GREEN,SOUTH_KOREA,73,1970-07-16,944,69.1,UniqueLoc_491
UniqueBand_492,POP,3,13,Unique description for band 492,2,59.2,343,UniqueAlbum_492,7866,UniqueFront_492,GREEN,WHITE,SOUTH_KOREA,88,1976-05-03,616,69.2,UniqueLoc_492
UniqueBand_493,POP,5,13,Unique description for band 493,8,59.3,433,UniqueAlbum_493,4275,UniqueFront_493,ORANGE,GREEN,NORTH_KOREA,87,1977-06-18,102,69.3,UniqueLoc_493
UniqueBand_494,BLUES,10,10,Unique description for band 494,7,59.4,236,UniqueAlbum_494,8384,UniqueFront_494,WHITE,WHITE,UNITED_KINGDOM,67,1985-11-14,676,69.4,UniqueLoc_494
UniqueBand_495,POST_PUNK,7,6,Unique description for band 495,15,59.5,118,UniqueAlbum_495,1328,UniqueFront_495,GREEN,WHITE,SOUTH_KOREA,72,1970-09-05,309,69.5,UniqueLoc_495
UniqueBand_496,ROCK,4,16,Unique description for band 496,13,59.6,293,UniqueAlbum_496,8713,UniqueFront_496,WHITE,GREEN,FRANCE,62,1973-09-02,641,69.6,UniqueLoc_496
UniqueBand_497,POP,6,8,Unique description for band 497,15,59.7,243,UniqueAlbum_497,4354,UniqueFront_497,WHITE,ORANGE,UNITED_KINGDOM,72,1995-02-05,147,69.7,UniqueLoc_497
UniqueBand_498,BLUES,4,11,Unique description for band 498,9,59.8,261,UniqueAlbum_498,6881,UniqueFront_498,GREEN,WHITE,UNITED_KINGDOM,84,1976-12-01,566,69.8,UniqueLoc_498
UniqueBand_499,POP,7,5,Unique description for band 499,3,59.9,294,UniqueAlbum_499,1719,UniqueFront_499,WHITE,GREEN,SOUTH_KOREA,66,1989-04-06,815,69.9,UniqueLoc_499
UniqueBand_500,POST_PUNK,4,10,Unique description for band 500,4,60.0,439,UniqueAlbum_500,8714,UniqueFront_500,ORANGE,GREEN,SOUTH_KOREA,62,1973-12-23,156,70.0,UniqueLoc_500
